date,direction,speed
2008-07-01,246,23.0
2008-07-02,233,21.0
2008-07-03,236,20.0
2008-07-04,240,22.0
2008-07-05,239,19.0
2008-07-06,243,19.0
2008-07-07,252,18.0
2008-07-08,248,17.0
2008-07-09,252,16.0
2008-07-10,248,17.0
2008-07-11,241,21.0
2008-07-12,226,20.0
2008-07-13,222,19.0
2008-07-14,226,16.0
2008-07-15,231,13.0
2008-07-16,237,11.0
2008-07-17,241,14.0
2008-07-18,241,11.0
2008-07-19,243,13.0
2008-07-20,222,11.0
2008-07-21,214,9.0
2008-07-22,209,10.0
2008-07-23,212,9.0
2008-07-24,224,10.0
2008-07-25,252,13.0
2008-07-26,262,14.0
2008-07-27,255,16.0
2008-07-28,261,18.0
2008-07-29,242,23.0
2008-07-30,237,19.0
2008-07-31,228,17.0
2008-08-01,227,19.0
2008-08-02,243,17.0
2008-08-03,248,16.0
2008-08-04,261,14.0
2008-08-05,255,14.0
2008-08-06,264,17.0
2008-08-07,261,18.0
2008-08-08,261,24.0
2008-08-09,265,26.0
2008-08-10,270,29.0
2008-08-11,266,29.0
2008-08-12,248,31.0
2008-08-13,265,25.0
2008-08-14,266,19.0
2008-08-15,248,15.0
2008-08-16,241,14.0
2008-08-17,264,11.0
2008-08-18,257,9.0
2008-08-19,253,10.0
2008-08-20,265,9.0
2008-08-21,270,8.0
2008-08-22,262,9.0
2008-08-23,267,7.0
2008-08-24,305,6.0
2008-08-25,295,6.0
2008-08-26,260,6.0
2008-08-27,219,7.0
2008-08-28,218,6.0
2008-08-29,217,5.0
2008-08-30,233,6.0
2008-08-31,215,9.0
2008-09-01,266,11.0
2008-09-02,293,10.0
2008-09-03,240,7.0
2008-09-04,238,5.0
2008-09-05,252,5.0
2008-09-06,227,6.0
2008-09-07,283,5.0
2008-09-08,290,6.0
2008-09-09,307,8.0
2008-09-10,336,11.0
2008-09-11,215,8.0
2008-09-12,151,12.0
2008-09-13,174,18.0
2008-09-14,213,18.0
2008-09-15,225,21.0
2008-09-16,251,25.0
2008-09-17,261,23.0
2008-09-18,252,18.0
2008-09-19,260,18.0
2008-09-20,233,10.0
2008-09-21,256,7.0
2008-09-22,250,6.0
2008-09-23,180,6.0
2008-09-24,225,7.0
2008-09-25,311,8.0
2008-09-26,299,9.0
2008-09-27,276,6.0
2008-09-28,275,8.0
2008-09-29,285,10.0
2008-09-30,216,8.0
2008-10-01,152,6.0
2008-10-02,214,6.0
2008-10-03,183,7.0
2008-10-04,213,7.0
2008-10-05,181,5.0
2008-10-06,253,6.0
2008-10-07,273,4.0
2008-10-08,178,7.0
2008-10-09,236,6.0
2008-10-10,93,6.0
2008-10-11,75,6.0
2008-10-12,153,8.0
2008-10-13,148,9.0
2008-10-14,146,9.0
2008-10-15,136,9.0
2008-10-16,128,10.0
2008-10-17,122,11.0
2008-10-18,160,12.0
2008-10-19,146,11.0
2008-10-20,152,10.0
2008-10-21,150,12.0
2008-10-22,146,14.0
2008-10-23,151,13.0
2008-10-24,155,12.0
2008-10-25,140,12.0
2008-10-26,159,11.0
2008-10-27,159,10.0
2008-10-28,174,9.0
2008-10-29,173,10.0
2008-10-30,139,11.0
2008-10-31,152,10.0
2008-11-01,148,12.0
2008-11-02,152,12.0
2008-11-03,184,13.0
2008-11-04,185,12.0
2008-11-05,184,12.0
2008-11-06,141,12.0
2008-11-07,148,10.0
2008-11-08,164,10.0
2008-11-09,152,10.0
2008-11-10,165,11.0
2008-11-11,155,10.0
2008-11-12,186,10.0
2008-11-13,170,10.0
2008-11-14,217,9.0
2008-11-15,153,12.0
2008-11-16,124,14.0
2008-11-17,85,10.0
2008-11-18,153,8.0
2008-11-19,183,9.0
2008-11-20,148,12.0
2008-11-21,108,12.0
2008-11-22,167,12.0
2008-11-23,126,13.0
2008-11-24,156,12.0
2008-11-25,124,12.0
2008-11-26,130,13.0
2008-11-27,138,14.0
2008-11-28,99,13.0
2008-11-29,71,14.0
2008-11-30,121,10.0
2008-12-01,142,7.0
2008-12-02,151,6.0
2008-12-03,151,6.0
2008-12-04,153,9.0
2008-12-05,166,9.0
2008-12-06,135,9.0
2008-12-07,152,9.0
2008-12-08,143,9.0
2008-12-09,164,9.0
2008-12-10,150,8.0
2008-12-11,146,9.0
2008-12-12,150,10.0
2008-12-13,164,10.0
2008-12-14,165,10.0
2008-12-15,156,11.0
2008-12-16,169,8.0
2008-12-17,165,9.0
2008-12-18,174,11.0
2008-12-19,232,10.0
2008-12-20,56,5.0
2008-12-21,145,12.0
2008-12-22,159,10.0
2008-12-23,153,10.0
2008-12-24,107,11.0
2008-12-25,141,11.0
2008-12-26,153,9.0
2008-12-27,189,8.0
2008-12-28,176,10.0
2008-12-29,192,11.0
2008-12-30,146,12.0
2008-12-31,135,14.0
2009-01-01,143,10.0
2009-01-02,145,9.0
2009-01-03,172,8.0
2009-01-04,134,9.0
2009-01-05,209,10.0
2009-01-06,141,11.0
2009-01-07,182,13.0
2009-01-08,135,8.0
2009-01-09,142,10.0
2009-01-10,144,12.0
2009-01-11,177,11.0
2009-01-12,183,8.0
2009-01-13,133,12.0
2009-01-14,161,11.0
2009-01-15,147,11.0
2009-01-16,142,10.0
2009-01-17,144,10.0
2009-01-18,149,11.0
2009-01-19,154,12.0
2009-01-20,153,11.0
2009-01-21,155,11.0
2009-01-22,157,10.0
2009-01-23,157,10.0
2009-01-24,155,9.0
2009-01-25,213,13.0
2009-01-26,176,14.0
2009-01-27,173,15.0
2009-01-28,173,12.0
2009-01-29,177,11.0
2009-01-30,180,13.0
2009-01-31,174,13.0
2009-02-01,172,11.0
2009-02-02,219,10.0
2009-02-03,207,9.0
2009-02-04,161,9.0
2009-02-05,252,11.0
2009-02-06,174,12.0
2009-02-07,137,12.0
2009-02-08,181,13.0
2009-02-09,217,13.0
2009-02-10,292,16.0
2009-02-11,173,14.0
2009-02-12,211,10.0
2009-02-13,242,8.0
2009-02-14,256,12.0
2009-02-15,219,13.0
2009-02-16,176,13.0
2009-02-17,170,10.0
2009-02-18,214,12.0
2009-02-19,173,11.0
2009-02-20,137,10.0
2009-02-21,146,10.0
2009-02-22,164,8.0
2009-02-23,214,10.0
2009-02-24,277,12.0
2009-02-25,283,10.0
2009-02-26,210,10.0
2009-02-27,180,12.0
2009-02-28,216,12.0
2009-03-01,250,12.0
2009-03-02,165,12.0
2009-03-03,290,14.0
2009-03-04,198,13.0
2009-03-05,242,12.0
2009-03-06,240,11.0
2009-03-07,252,14.0
2009-03-08,280,13.0
2009-03-09,287,12.0
2009-03-10,163,10.0
2009-03-11,171,8.0
2009-03-12,268,8.0
2009-03-13,174,7.0
2009-03-14,185,12.0
2009-03-15,213,10.0
2009-03-16,252,11.0
2009-03-17,249,13.0
2009-03-18,246,15.0
2009-03-19,315,12.0
2009-03-20,317,12.0
2009-03-21,240,9.0
2009-03-22,163,11.0
2009-03-23,247,12.0
2009-03-24,257,7.0
2009-03-25,247,10.0
2009-03-26,234,13.0
2009-03-27,274,11.0
2009-03-28,237,14.0
2009-03-29,234,12.0
2009-03-30,314,11.0
2009-03-31,268,8.0
2009-04-01,253,10.0
2009-04-02,222,9.0
2009-04-03,224,9.0
2009-04-04,206,9.0
2009-04-05,238,6.0
2009-04-06,183,15.0
2009-04-07,246,15.0
2009-04-08,307,14.0
2009-04-09,327,12.0
2009-04-10,250,12.0
2009-04-11,243,11.0
2009-04-12,227,12.0
2009-04-13,306,12.0
2009-04-14,303,13.0
2009-04-15,320,16.0
2009-04-16,320,16.0
2009-04-17,312,15.0
2009-04-18,272,11.0
2009-04-19,217,11.0
2009-04-20,206,15.0
2009-04-21,226,11.0
2009-04-22,253,9.0
2009-04-23,234,11.0
2009-04-24,246,13.0
2009-04-25,330,15.0
2009-04-26,277,11.0
2009-04-27,234,10.0
2009-04-28,217,10.0
2009-04-29,210,12.0
2009-04-30,222,11.0
2009-05-01,227,11.0
2009-05-02,256,8.0
2009-05-03,275,8.0
2009-05-04,273,8.0
2009-05-05,230,11.0
2009-05-06,255,9.0
2009-05-07,278,13.0
2009-05-08,273,11.0
2009-05-09,264,13.0
2009-05-10,252,10.0
2009-05-11,305,13.0
2009-05-12,289,12.0
2009-05-13,271,11.0
2009-05-14,224,10.0
2009-05-15,213,12.0
2009-05-16,213,11.0
2009-05-17,216,10.0
2009-05-18,234,8.0
2009-05-19,253,8.0
2009-05-20,232,9.0
2009-05-21,242,9.0
2009-05-22,216,10.0
2009-05-23,237,10.0
2009-05-24,240,11.0
2009-05-25,222,11.0
2009-05-26,231,11.0
2009-05-27,225,10.0
2009-05-28,224,11.0
2009-05-29,228,10.0
2009-05-30,224,11.0
2009-05-31,226,10.0
2009-06-01,230,11.0
2009-06-02,220,10.0
2009-06-03,221,12.0
2009-06-04,231,11.0
2009-06-05,225,11.0
2009-06-06,262,11.0
2009-06-07,266,12.0
2009-06-08,254,11.0
2009-06-09,251,11.0
2009-06-10,254,11.0
2009-06-11,238,12.0
2009-06-12,247,13.0
2009-06-13,249,12.0
2009-06-14,248,12.0
2009-06-15,240,12.0
2009-06-16,234,13.0
2009-06-17,251,12.0
2009-06-18,245,10.0
2009-06-19,232,10.0
2009-06-20,175,6.0
2009-06-21,187,11.0
2009-06-22,175,14.0
2009-06-23,198,14.0
2009-06-24,210,15.0
2009-06-25,225,14.0
2009-06-26,239,16.0
2009-06-27,237,14.0
2009-06-28,217,12.0
2009-06-29,211,11.0
2009-06-30,196,16.0
2009-07-01,186,16.0
2009-07-02,205,15.0
2009-07-03,249,18.0
2009-07-04,256,20.0
2009-07-05,227,15.0
2009-07-06,183,16.0
2009-07-07,208,8.0
2009-07-08,272,15.0
2009-07-09,231,9.0
2009-07-10,206,13.0
2009-07-11,227,19.0
2009-07-12,236,23.0
2009-07-13,241,23.0
2009-07-14,251,22.0
2009-07-15,258,22.0
2009-07-16,241,20.0
2009-07-17,238,25.0
2009-07-18,229,27.0
2009-07-19,231,21.0
2009-07-20,241,22.0
2009-07-21,243,21.0
2009-07-22,250,29.0
2009-07-23,243,29.0
2009-07-24,236,28.0
2009-07-25,241,24.0
2009-07-26,248,22.0
2009-07-27,241,24.0
2009-07-28,238,25.0
2009-07-29,225,18.0
2009-07-30,232,17.0
2009-07-31,240,16.0
2009-08-01,231,17.0
2009-08-02,240,18.0
2009-08-03,245,19.0
2009-08-04,240,21.0
2009-08-05,236,21.0
2009-08-06,240,23.0
2009-08-07,245,22.0
2009-08-08,245,21.0
2009-08-09,244,19.0
2009-08-10,239,17.0
2009-08-11,223,12.0
2009-08-12,219,10.0
2009-08-13,235,11.0
2009-08-14,250,12.0
2009-08-15,250,13.0
2009-08-16,246,11.0
2009-08-17,243,7.0
2009-08-18,300,8.0
2009-08-19,326,7.0
2009-08-20,261,6.0
2009-08-21,181,5.0
2009-08-22,241,6.0
2009-08-23,255,6.0
2009-08-24,288,9.0
2009-08-25,294,9.0
2009-08-26,272,10.0
2009-08-27,244,11.0
2009-08-28,226,11.0
2009-08-29,236,13.0
2009-08-30,226,18.0
2009-08-31,213,11.0
2009-09-01,212,7.0
2009-09-02,255,9.0
2009-09-03,269,9.0
2009-09-04,277,12.0
2009-09-05,266,14.0
2009-09-06,270,10.0
2009-09-07,265,6.0
2009-09-08,258,8.0
2009-09-09,234,8.0
2009-09-10,206,9.0
2009-09-11,204,6.0
2009-09-12,274,7.0
2009-09-13,319,9.0
2009-09-14,316,10.0
2009-09-15,318,10.0
2009-09-16,279,7.0
2009-09-17,247,9.0
2009-09-18,244,10.0
2009-09-19,235,10.0
2009-09-20,313,11.0
2009-09-21,326,12.0
2009-09-22,244,8.0
2009-09-23,237,7.0
2009-09-24,258,7.0
2009-09-25,297,9.0
2009-09-26,312,11.0
2009-09-27,323,11.0
2009-09-28,279,11.0
2009-09-29,305,14.0
2009-09-30,306,14.0
2009-10-01,312,12.0
2009-10-02,318,12.0
2009-10-03,255,8.0
2009-10-04,240,14.0
2009-10-05,270,19.0
2009-10-06,267,11.0
2009-10-07,240,7.0
2009-10-08,229,7.0
2009-10-09,203,6.0
2009-10-10,216,5.0
2009-10-11,217,9.0
2009-10-12,65,9.0
2009-10-13,144,7.0
2009-10-14,93,4.0
2009-10-15,153,8.0
2009-10-16,142,9.0
2009-10-17,191,7.0
2009-10-18,104,8.0
2009-10-19,143,9.0
2009-10-20,148,11.0
2009-10-21,102,10.0
2009-10-22,112,10.0
2009-10-23,148,9.0
2009-10-24,112,9.0
2009-10-25,152,8.0
2009-10-26,153,9.0
2009-10-27,157,9.0
2009-10-28,157,10.0
2009-10-29,169,12.0
2009-10-30,166,10.0
2009-10-31,171,11.0
2009-11-01,161,11.0
2009-11-02,132,13.0
2009-11-03,174,13.0
2009-11-04,169,13.0
2009-11-05,165,14.0
2009-11-06,161,11.0
2009-11-07,156,12.0
2009-11-08,125,10.0
2009-11-09,80,10.0
2009-11-10,59,19.0
2009-11-11,84,21.0
2009-11-12,149,6.0
2009-11-13,158,11.0
2009-11-14,130,7.0
2009-11-15,88,6.0
2009-11-16,208,5.0
2009-11-17,264,8.0
2009-11-18,126,9.0
2009-11-19,150,9.0
2009-11-20,154,9.0
2009-11-21,165,8.0
2009-11-22,170,9.0
2009-11-23,167,8.0
2009-11-24,166,8.0
2009-11-25,190,9.0
2009-11-26,181,8.0
2009-11-27,150,8.0
2009-11-28,160,8.0
2009-11-29,157,10.0
2009-11-30,165,10.0
2009-12-01,166,11.0
2009-12-02,158,10.0
2009-12-03,206,9.0
2009-12-04,179,8.0
2009-12-05,138,10.0
2009-12-06,172,8.0
2009-12-07,140,9.0
2009-12-08,182,9.0
2009-12-09,155,9.0
2009-12-10,151,10.0
2009-12-11,150,10.0
2009-12-12,155,12.0
2009-12-13,156,11.0
2009-12-14,181,9.0
2009-12-15,174,10.0
2009-12-16,123,9.0
2009-12-17,188,8.0
2009-12-18,189,11.0
2009-12-19,157,10.0
2009-12-20,115,10.0
2009-12-21,139,13.0
2009-12-22,179,13.0
2009-12-23,171,13.0
2009-12-24,153,12.0
2009-12-25,146,9.0
2009-12-26,145,9.0
2009-12-27,212,6.0
2009-12-28,132,10.0
2009-12-29,175,8.0
2009-12-30,187,13.0
2009-12-31,151,12.0
2010-01-01,159,10.0
2010-01-02,162,9.0
2010-01-03,301,13.0
2010-01-04,181,17.0
2010-01-05,169,10.0
2010-01-06,159,10.0
2010-01-07,160,11.0
2010-01-08,160,11.0
2010-01-09,162,12.0
2010-01-10,150,12.0
2010-01-11,178,5.0
2010-01-12,291,10.0
2010-01-13,216,17.0
2010-01-14,146,16.0
2010-01-15,167,13.0
2010-01-16,147,13.0
2010-01-17,182,12.0
2010-01-18,179,13.0
2010-01-19,145,12.0
2010-01-20,147,10.0
2010-01-21,150,11.0
2010-01-22,157,10.0
2010-01-23,142,9.0
2010-01-24,180,10.0
2010-01-25,141,12.0
2010-01-26,158,11.0
2010-01-27,147,9.0
2010-01-28,151,10.0
2010-01-29,139,14.0
2010-01-30,153,12.0
2010-01-31,184,9.0
2010-02-01,222,11.0
2010-02-02,210,12.0
2010-02-03,199,10.0
2010-02-04,164,8.0
2010-02-05,166,8.0
2010-02-06,145,9.0
2010-02-07,150,10.0
2010-02-08,209,8.0
2010-02-09,335,12.0
2010-02-10,290,14.0
2010-02-11,272,9.0
2010-02-12,246,10.0
2010-02-13,173,11.0
2010-02-14,216,12.0
2010-02-15,176,13.0
2010-02-16,217,15.0
2010-02-17,220,16.0
2010-02-18,215,13.0
2010-02-19,255,13.0
2010-02-20,207,10.0
2010-02-21,197,10.0
2010-02-22,243,9.0
2010-02-23,286,13.0
2010-02-24,237,11.0
2010-02-25,207,10.0
2010-02-26,216,11.0
2010-02-27,219,9.0
2010-02-28,174,11.0
2010-03-01,173,10.0
2010-03-02,238,11.0
2010-03-03,227,10.0
2010-03-04,281,12.0
2010-03-05,276,12.0
2010-03-06,281,10.0
2010-03-07,292,15.0
2010-03-08,259,12.0
2010-03-09,216,14.0
2010-03-10,228,11.0
2010-03-11,241,8.0
2010-03-12,249,13.0
2010-03-13,249,12.0
2010-03-14,225,10.0
2010-03-15,308,9.0
2010-03-16,234,10.0
2010-03-17,240,11.0
2010-03-18,206,8.0
2010-03-19,196,8.0
2010-03-20,194,9.0
2010-03-21,252,11.0
2010-03-22,241,13.0
2010-03-23,319,11.0
2010-03-24,219,9.0
2010-03-25,222,8.0
2010-03-26,188,11.0
2010-03-27,244,12.0
2010-03-28,194,11.0
2010-03-29,323,10.0
2010-03-30,298,12.0
2010-03-31,270,9.0
2010-04-01,248,9.0
2010-04-02,252,8.0
2010-04-03,212,12.0
2010-04-04,219,13.0
2010-04-05,208,11.0
2010-04-06,198,12.0
2010-04-07,246,12.0
2010-04-08,201,11.0
2010-04-09,141,8.0
2010-04-10,283,9.0
2010-04-11,277,12.0
2010-04-12,242,12.0
2010-04-13,286,10.0
2010-04-14,192,9.0
2010-04-15,245,9.0
2010-04-16,251,10.0
2010-04-17,248,9.0
2010-04-18,224,10.0
2010-04-19,222,10.0
2010-04-20,221,9.0
2010-04-21,260,10.0
2010-04-22,239,12.0
2010-04-23,280,14.0
2010-04-24,272,12.0
2010-04-25,230,12.0
2010-04-26,240,13.0
2010-04-27,230,13.0
2010-04-28,239,11.0
2010-04-29,270,9.0
2010-04-30,188,9.0
2010-05-01,260,9.0
2010-05-02,306,11.0
2010-05-03,295,10.0
2010-05-04,224,11.0
2010-05-05,303,13.0
2010-05-06,306,13.0
2010-05-07,279,15.0
2010-05-08,320,14.0
2010-05-09,308,13.0
2010-05-10,273,13.0
2010-05-11,316,13.0
2010-05-12,284,11.0
2010-05-13,275,11.0
2010-05-14,251,10.0
2010-05-15,238,10.0
2010-05-16,246,10.0
2010-05-17,289,10.0
2010-05-18,314,15.0
2010-05-19,299,13.0
2010-05-20,295,14.0
2010-05-21,256,11.0
2010-05-22,245,11.0
2010-05-23,258,11.0
2010-05-24,245,12.0
2010-05-25,248,12.0
2010-05-26,243,13.0
2010-05-27,246,14.0
2010-05-28,240,12.0
2010-05-29,259,11.0
2010-05-30,243,10.0
2010-05-31,198,12.0
2010-06-01,209,15.0
2010-06-02,215,12.0
2010-06-03,257,10.0
2010-06-04,270,11.0
2010-06-05,266,14.0
2010-06-06,232,16.0
2010-06-07,228,16.0
2010-06-08,245,10.0
2010-06-09,289,8.0
2010-06-10,299,8.0
2010-06-11,248,11.0
2010-06-12,294,11.0
2010-06-13,261,12.0
2010-06-14,245,10.0
2010-06-15,243,9.0
2010-06-16,207,11.0
2010-06-17,188,8.0
2010-06-18,202,8.0
2010-06-19,209,11.0
2010-06-20,176,13.0
2010-06-21,183,14.0
2010-06-22,203,11.0
2010-06-23,230,10.0
2010-06-24,241,11.0
2010-06-25,220,11.0
2010-06-26,209,7.0
2010-06-27,184,10.0
2010-06-28,208,14.0
2010-06-29,222,11.0
2010-06-30,210,12.0
2010-07-01,206,11.0
2010-07-02,240,8.0
2010-07-03,223,9.0
2010-07-04,220,15.0
2010-07-05,206,21.0
2010-07-06,216,19.0
2010-07-07,211,17.0
2010-07-08,204,16.0
2010-07-09,225,14.0
2010-07-10,211,13.0
2010-07-11,246,13.0
2010-07-12,231,18.0
2010-07-13,227,19.0
2010-07-14,259,12.0
2010-07-15,252,9.0
2010-07-16,237,7.0
2010-07-17,208,12.0
2010-07-18,188,14.0
2010-07-19,204,14.0
2010-07-20,228,13.0
2010-07-21,245,13.0
2010-07-22,248,19.0
2010-07-23,236,17.0
2010-07-24,248,17.0
2010-07-25,256,23.0
2010-07-26,240,26.0
2010-07-27,225,22.0
2010-07-28,220,16.0
2010-07-29,240,13.0
2010-07-30,228,11.0
2010-07-31,233,18.0
2010-08-01,241,24.0
2010-08-02,238,24.0
2010-08-03,257,23.0
2010-08-04,245,16.0
2010-08-05,239,13.0
2010-08-06,249,10.0
2010-08-07,226,10.0
2010-08-08,222,15.0
2010-08-09,233,17.0
2010-08-10,224,12.0
2010-08-11,236,10.0
2010-08-12,251,9.0
2010-08-13,257,8.0
2010-08-14,212,7.0
2010-08-15,202,7.0
2010-08-16,196,7.0
2010-08-17,209,7.0
2010-08-18,250,12.0
2010-08-19,235,7.0
2010-08-20,209,5.0
2010-08-21,209,6.0
2010-08-22,218,6.0
2010-08-23,278,9.0
2010-08-24,267,7.0
2010-08-25,247,6.0
2010-08-26,205,5.0
2010-08-27,183,7.0
2010-08-28,190,10.0
2010-08-29,236,14.0
2010-08-30,244,24.0
2010-08-31,237,20.0
2010-09-01,228,16.0
2010-09-02,232,16.0
2010-09-03,242,13.0
2010-09-04,243,14.0
2010-09-05,238,14.0
2010-09-06,235,13.0
2010-09-07,239,12.0
2010-09-08,215,9.0
2010-09-09,232,11.0
2010-09-10,208,15.0
2010-09-11,207,13.0
2010-09-12,200,11.0
2010-09-13,191,9.0
2010-09-14,200,9.0
2010-09-15,218,9.0
2010-09-16,239,7.0
2010-09-17,246,6.0
2010-09-18,240,8.0
2010-09-19,197,4.0
2010-09-20,172,9.0
2010-09-21,205,8.0
2010-09-22,212,7.0
2010-09-23,276,6.0
2010-09-24,306,6.0
2010-09-25,236,6.0
2010-09-26,190,7.0
2010-09-27,178,6.0
2010-09-28,120,6.0
2010-09-29,191,6.0
2010-09-30,120,7.0
2010-10-01,160,7.0
2010-10-02,182,6.0
2010-10-03,173,7.0
2010-10-04,218,7.0
2010-10-05,204,4.0
2010-10-06,255,6.0
2010-10-07,216,7.0
2010-10-08,233,6.0
2010-10-09,306,8.0
2010-10-10,243,6.0
2010-10-11,164,5.0
2010-10-12,226,6.0
2010-10-13,214,6.0
2010-10-14,242,6.0
2010-10-15,243,6.0
2010-10-16,305,9.0
2010-10-17,243,9.0
2010-10-18,201,6.0
2010-10-19,176,7.0
2010-10-20,161,9.0
2010-10-21,167,11.0
2010-10-22,200,6.0
2010-10-23,232,6.0
2010-10-24,246,8.0
2010-10-25,60,6.0
2010-10-26,141,6.0
2010-10-27,156,7.0
2010-10-28,179,8.0
2010-10-29,141,9.0
2010-10-30,130,8.0
2010-10-31,85,10.0
2010-11-01,94,9.0
2010-11-02,127,10.0
2010-11-03,159,11.0
2010-11-04,169,9.0
2010-11-05,165,5.0
2010-11-06,120,8.0
2010-11-07,52,10.0
2010-11-08,51,11.0
2010-11-09,120,12.0
2010-11-10,188,8.0
2010-11-11,184,6.0
2010-11-12,204,8.0
2010-11-13,254,6.0
2010-11-14,117,6.0
2010-11-15,147,6.0
2010-11-16,157,7.0
2010-11-17,143,8.0
2010-11-18,139,7.0
2010-11-19,158,6.0
2010-11-20,224,5.0
2010-11-21,142,5.0
2010-11-22,134,8.0
2010-11-23,165,18.0
2010-11-24,182,9.0
2010-11-25,97,8.0
2010-11-26,97,9.0
2010-11-27,144,9.0
2010-11-28,116,8.0
2010-11-29,153,7.0
2010-11-30,202,9.0
2010-12-01,150,9.0
2010-12-02,141,9.0
2010-12-03,158,8.0
2010-12-04,155,9.0
2010-12-05,159,8.0
2010-12-06,51,10.0
2010-12-07,121,11.0
2010-12-08,195,9.0
2010-12-09,219,11.0
2010-12-10,170,10.0
2010-12-11,212,8.0
2010-12-12,200,5.0
2010-12-13,143,9.0
2010-12-14,144,9.0
2010-12-15,162,9.0
2010-12-16,149,9.0
2010-12-17,156,8.0
2010-12-18,120,9.0
2010-12-19,95,9.0
2010-12-20,121,10.0
2010-12-21,157,9.0
2010-12-22,178,8.0
2010-12-23,208,6.0
2010-12-24,175,8.0
2010-12-25,135,7.0
2010-12-26,141,6.0
2010-12-27,189,5.0
2010-12-28,256,6.0
2010-12-29,181,8.0
2010-12-30,258,11.0
2010-12-31,131,14.0
2011-01-01,141,11.0
2011-01-02,155,10.0
2011-01-03,157,10.0
2011-01-04,157,9.0
2011-01-05,151,10.0
2011-01-06,157,11.0
2011-01-07,165,11.0
2011-01-08,150,9.0
2011-01-09,142,10.0
2011-01-10,149,9.0
2011-01-11,186,8.0
2011-01-12,141,8.0
2011-01-13,177,7.0
2011-01-14,175,8.0
2011-01-15,179,11.0
2011-01-16,136,9.0
2011-01-17,177,8.0
2011-01-18,175,9.0
2011-01-19,136,11.0
2011-01-20,141,11.0
2011-01-21,182,10.0
2011-01-22,141,8.0
2011-01-23,135,9.0
2011-01-24,178,9.0
2011-01-25,135,11.0
2011-01-26,180,12.0
2011-01-27,162,8.0
2011-01-28,217,8.0
2011-01-29,173,10.0
2011-01-30,177,11.0
2011-01-31,143,9.0
2011-02-01,170,8.0
2011-02-02,135,7.0
2011-02-03,153,9.0
2011-02-04,165,8.0
2011-02-05,182,9.0
2011-02-06,215,8.0
2011-02-07,246,11.0
2011-02-08,211,11.0
2011-02-09,168,10.0
2011-02-10,175,8.0
2011-02-11,150,7.0
2011-02-12,173,7.0
2011-02-13,165,9.0
2011-02-14,194,9.0
2011-02-15,221,7.0
2011-02-16,246,8.0
2011-02-17,209,9.0
2011-02-18,164,11.0
2011-02-19,215,13.0
2011-02-20,219,15.0
2011-02-21,140,12.0
2011-02-22,185,8.0
2011-02-23,243,6.0
2011-02-24,281,7.0
2011-02-25,213,8.0
2011-02-26,142,11.0
2011-02-27,201,10.0
2011-02-28,151,9.0
2011-03-01,172,7.0
2011-03-02,247,8.0
2011-03-03,197,11.0
2011-03-04,213,10.0
2011-03-05,239,11.0
2011-03-06,240,10.0
2011-03-07,151,11.0
2011-03-08,279,14.0
2011-03-09,325,11.0
2011-03-10,212,12.0
2011-03-11,218,13.0
2011-03-12,187,11.0
2011-03-13,143,9.0
2011-03-14,242,8.0
2011-03-15,218,10.0
2011-03-16,152,10.0
2011-03-17,161,8.0
2011-03-18,239,6.0
2011-03-19,264,8.0
2011-03-20,200,8.0
2011-03-21,263,8.0
2011-03-22,234,9.0
2011-03-23,239,9.0
2011-03-24,231,10.0
2011-03-25,278,10.0
2011-03-26,241,10.0
2011-03-27,224,9.0
2011-03-28,248,9.0
2011-03-29,250,9.0
2011-03-30,254,11.0
2011-03-31,248,11.0
2011-04-01,318,10.0
2011-04-02,270,9.0
2011-04-03,268,8.0
2011-04-04,224,6.0
2011-04-05,259,8.0
2011-04-06,177,8.0
2011-04-07,214,8.0
2011-04-08,243,8.0
2011-04-09,279,9.0
2011-04-10,265,7.0
2011-04-11,234,8.0
2011-04-12,217,10.0
2011-04-13,220,8.0
2011-04-14,262,9.0
2011-04-15,250,8.0
2011-04-16,240,9.0
2011-04-17,264,9.0
2011-04-18,266,8.0
2011-04-19,273,11.0
2011-04-20,241,7.0
2011-04-21,232,8.0
2011-04-22,219,7.0
2011-04-23,251,7.0
2011-04-24,250,9.0
2011-04-25,263,9.0
2011-04-26,274,11.0
2011-04-27,306,10.0
2011-04-28,255,10.0
2011-04-29,314,13.0
2011-04-30,327,14.0
2011-05-01,300,11.0
2011-05-02,288,10.0
2011-05-03,307,9.0
2011-05-04,294,9.0
2011-05-05,280,7.0
2011-05-06,270,9.0
2011-05-07,265,9.0
2011-05-08,268,10.0
2011-05-09,262,10.0
2011-05-10,280,9.0
2011-05-11,218,9.0
2011-05-12,273,9.0
2011-05-13,292,10.0
2011-05-14,306,10.0
2011-05-15,313,12.0
2011-05-16,255,9.0
2011-05-17,309,12.0
2011-05-18,216,10.0
2011-05-19,232,10.0
2011-05-20,208,16.0
2011-05-21,211,21.0
2011-05-22,207,19.0
2011-05-23,227,12.0
2011-05-24,267,9.0
2011-05-25,284,11.0
2011-05-26,288,11.0
2011-05-27,302,11.0
2011-05-28,301,12.0
2011-05-29,258,12.0
2011-05-30,254,12.0
2011-05-31,232,12.0
2011-06-01,219,13.0
2011-06-02,209,10.0
2011-06-03,249,7.0
2011-06-04,203,7.0
2011-06-05,201,5.0
2011-06-06,139,9.0
2011-06-07,173,14.0
2011-06-08,171,19.0
2011-06-09,169,19.0
2011-06-10,185,18.0
2011-06-11,192,20.0
2011-06-12,204,20.0
2011-06-13,202,18.0
2011-06-14,229,14.0
2011-06-15,231,16.0
2011-06-16,227,21.0
2011-06-17,235,17.0
2011-06-18,235,22.0
2011-06-19,236,23.0
2011-06-20,238,21.0
2011-06-21,246,20.0
2011-06-22,255,17.0
2011-06-23,250,20.0
2011-06-24,249,19.0
2011-06-25,254,18.0
2011-06-26,243,22.0
2011-06-27,224,18.0
2011-06-28,238,22.0
2011-06-29,228,20.0
2011-06-30,224,16.0
2011-07-01,223,15.0
2011-07-02,215,13.0
2011-07-03,211,13.0
2011-07-04,201,10.0
2011-07-05,232,8.0
2011-07-06,234,7.0
2011-07-07,232,12.0
2011-07-08,251,18.0
2011-07-09,243,19.0
2011-07-10,254,16.0
2011-07-11,273,16.0
2011-07-12,286,17.0
2011-07-13,279,18.0
2011-07-14,254,18.0
2011-07-15,220,15.0
2011-07-16,232,15.0
2011-07-17,248,20.0
2011-07-18,240,25.0
2011-07-19,259,26.0
2011-07-20,252,20.0
2011-07-21,243,20.0
2011-07-22,243,18.0
2011-07-23,243,15.0
2011-07-24,247,16.0
2011-07-25,235,11.0
2011-07-26,190,12.0
2011-07-27,231,12.0
2011-07-28,258,16.0
2011-07-29,247,12.0
2011-07-30,260,12.0
2011-07-31,248,15.0
2011-08-01,241,18.0
2011-08-02,240,14.0
2011-08-03,234,12.0
2011-08-04,244,18.0
2011-08-05,242,20.0
2011-08-06,245,19.0
2011-08-07,250,18.0
2011-08-08,234,19.0
2011-08-09,224,20.0
2011-08-10,228,21.0
2011-08-11,233,23.0
2011-08-12,242,22.0
2011-08-13,234,19.0
2011-08-14,228,21.0
2011-08-15,233,17.0
2011-08-16,230,14.0
2011-08-17,234,11.0
2011-08-18,222,8.0
2011-08-19,230,8.0
2011-08-20,237,8.0
2011-08-21,238,8.0
2011-08-22,220,9.0
2011-08-23,225,8.0
2011-08-24,213,9.0
2011-08-25,256,10.0
2011-08-26,261,13.0
2011-08-27,262,17.0
2011-08-28,266,19.0
2011-08-29,256,23.0
2011-08-30,229,17.0
2011-08-31,190,12.0
2011-09-01,191,14.0
2011-09-02,208,16.0
2011-09-03,226,25.0
2011-09-04,226,22.0
2011-09-05,216,24.0
2011-09-06,226,23.0
2011-09-07,247,19.0
2011-09-08,226,16.0
2011-09-09,212,15.0
2011-09-10,222,14.0
2011-09-11,223,14.0
2011-09-12,202,15.0
2011-09-13,188,12.0
2011-09-14,196,9.0
2011-09-15,182,8.0
2011-09-16,203,13.0
2011-09-17,214,12.0
2011-09-18,225,10.0
2011-09-19,223,10.0
2011-09-20,225,8.0
2011-09-21,294,7.0
2011-09-22,252,9.0
2011-09-23,248,7.0
2011-09-24,212,7.0
2011-09-25,226,8.0
2011-09-26,205,6.0
2011-09-27,206,6.0
2011-09-28,187,5.0
2011-09-29,235,7.0
2011-09-30,284,9.0
2011-10-01,247,8.0
2011-10-02,305,8.0
2011-10-03,305,8.0
2011-10-04,284,7.0
2011-10-05,214,10.0
2011-10-06,260,11.0
2011-10-07,214,10.0
2011-10-08,222,9.0
2011-10-09,139,9.0
2011-10-10,145,9.0
2011-10-11,155,7.0
2011-10-12,137,7.0
2011-10-13,172,4.0
2011-10-14,186,7.0
2011-10-15,183,6.0
2011-10-16,170,7.0
2011-10-17,179,6.0
2011-10-18,193,6.0
2011-10-19,240,6.0
2011-10-20,201,6.0
2011-10-21,189,8.0
2011-10-22,86,9.0
2011-10-23,131,12.0
2011-10-24,52,9.0
2011-10-25,94,10.0
2011-10-26,104,11.0
2011-10-27,152,9.0
2011-10-28,189,9.0
2011-10-29,144,9.0
2011-10-30,148,8.0
2011-10-31,147,8.0
2011-11-01,148,8.0
2011-11-02,150,8.0
2011-11-03,155,9.0
2011-11-04,156,8.0
2011-11-05,197,7.0
2011-11-06,151,8.0
2011-11-07,184,7.0
2011-11-08,161,8.0
2011-11-09,148,8.0
2011-11-10,154,9.0
2011-11-11,147,11.0
2011-11-12,144,10.0
2011-11-13,147,9.0
2011-11-14,146,8.0
2011-11-15,144,10.0
2011-11-16,167,11.0
2011-11-17,167,9.0
2011-11-18,160,8.0
2011-11-19,171,9.0
2011-11-20,174,10.0
2011-11-21,173,10.0
2011-11-22,126,10.0
2011-11-23,97,10.0
2011-11-24,136,10.0
2011-11-25,137,10.0
2011-11-26,176,11.0
2011-11-27,58,10.0
2011-11-28,73,11.0
2011-11-29,173,8.0
2011-11-30,200,8.0
2011-12-01,177,9.0
2011-12-02,183,12.0
2011-12-03,145,8.0
2011-12-04,136,7.0
2011-12-05,174,7.0
2011-12-06,133,10.0
2011-12-07,138,9.0
2011-12-08,155,8.0
2011-12-09,155,9.0
2011-12-10,143,11.0
2011-12-11,177,10.0
2011-12-12,178,8.0
2011-12-13,148,11.0
2011-12-14,156,10.0
2011-12-15,164,10.0
2011-12-16,158,9.0
2011-12-17,163,9.0
2011-12-18,158,10.0
2011-12-19,162,9.0
2011-12-20,149,9.0
2011-12-21,154,10.0
2011-12-22,153,10.0
2011-12-23,150,9.0
2011-12-24,150,10.0
2011-12-25,151,11.0
2011-12-26,217,11.0
2011-12-27,175,10.0
2011-12-28,176,12.0
2011-12-29,183,11.0
2011-12-30,151,11.0
2011-12-31,175,13.0
2012-01-01,132,17.0
2012-01-02,128,11.0
2012-01-03,166,7.0
2012-01-04,179,10.0
2012-01-05,223,12.0
2012-01-06,187,11.0
2012-01-07,166,10.0
2012-01-08,186,13.0
2012-01-09,157,10.0
2012-01-10,144,16.0
2012-01-11,159,14.0
2012-01-12,167,13.0
2012-01-13,167,13.0
2012-01-14,154,9.0
2012-01-15,140,9.0
2012-01-16,215,9.0
2012-01-17,251,10.0
2012-01-18,284,11.0
2012-01-19,257,8.0
2012-01-20,181,13.0
2012-01-21,138,9.0
2012-01-22,218,8.0
2012-01-23,135,10.0
2012-01-24,174,10.0
2012-01-25,202,13.0
2012-01-26,223,14.0
2012-01-27,214,14.0
2012-01-28,217,14.0
2012-01-29,175,13.0
2012-01-30,130,11.0
2012-01-31,133,13.0
2012-02-01,144,13.0
2012-02-02,153,11.0
2012-02-03,148,10.0
2012-02-04,170,11.0
2012-02-05,170,13.0
2012-02-06,214,14.0
2012-02-07,217,18.0
2012-02-08,180,22.0
2012-02-09,178,16.0
2012-02-10,147,12.0
2012-02-11,166,8.0
2012-02-12,161,6.0
2012-02-13,213,8.0
2012-02-14,297,13.0
2012-02-15,252,11.0
2012-02-16,215,13.0
2012-02-17,135,11.0
2012-02-18,136,10.0
2012-02-19,176,11.0
2012-02-20,137,14.0
2012-02-21,179,13.0
2012-02-22,177,13.0
2012-02-23,219,15.0
2012-02-24,219,15.0
2012-02-25,179,16.0
2012-02-26,136,14.0
2012-02-27,213,12.0
2012-02-28,321,10.0
2012-02-29,227,8.0
2012-03-01,275,7.0
2012-03-02,202,9.0
2012-03-03,251,9.0
2012-03-04,258,12.0
2012-03-05,252,13.0
2012-03-06,282,11.0
2012-03-07,314,10.0
2012-03-08,310,10.0
2012-03-09,173,9.0
2012-03-10,127,11.0
2012-03-11,233,10.0
2012-03-12,247,10.0
2012-03-13,180,17.0
2012-03-14,141,13.0
2012-03-15,248,9.0
2012-03-16,236,8.0
2012-03-17,318,10.0
2012-03-18,246,11.0
2012-03-19,286,12.0
2012-03-20,207,13.0
2012-03-21,293,13.0
2012-03-22,292,12.0
2012-03-23,206,11.0
2012-03-24,181,12.0
2012-03-25,174,11.0
2012-03-26,256,9.0
2012-03-27,255,8.0
2012-03-28,273,8.0
2012-03-29,237,11.0
2012-03-30,215,9.0
2012-03-31,234,9.0
2012-04-01,244,10.0
2012-04-02,254,10.0
2012-04-03,224,9.0
2012-04-04,221,9.0
2012-04-05,234,9.0
2012-04-06,293,7.0
2012-04-07,224,7.0
2012-04-08,220,7.0
2012-04-09,288,8.0
2012-04-10,245,8.0
2012-04-11,253,9.0
2012-04-12,231,9.0
2012-04-13,230,9.0
2012-04-14,254,10.0
2012-04-15,254,13.0
2012-04-16,299,10.0
2012-04-17,288,8.0
2012-04-18,274,10.0
2012-04-19,234,9.0
2012-04-20,137,13.0
2012-04-21,244,13.0
2012-04-22,327,15.0
2012-04-23,281,13.0
2012-04-24,281,12.0
2012-04-25,283,12.0
2012-04-26,245,13.0
2012-04-27,253,15.0
2012-04-28,317,14.0
2012-04-29,300,10.0
2012-04-30,211,8.0
2012-05-01,216,10.0
2012-05-02,222,10.0
2012-05-03,216,9.0
2012-05-04,204,13.0
2012-05-05,206,14.0
2012-05-06,225,12.0
2012-05-07,297,10.0
2012-05-08,313,11.0
2012-05-09,303,11.0
2012-05-10,290,10.0
2012-05-11,306,12.0
2012-05-12,299,11.0
2012-05-13,251,9.0
2012-05-14,310,10.0
2012-05-15,312,12.0
2012-05-16,293,10.0
2012-05-17,277,8.0
2012-05-18,274,12.0
2012-05-19,316,12.0
2012-05-20,289,10.0
2012-05-21,251,10.0
2012-05-22,268,9.0
2012-05-23,262,9.0
2012-05-24,259,10.0
2012-05-25,264,10.0
2012-05-26,274,10.0
2012-05-27,272,11.0
2012-05-28,267,11.0
2012-05-29,275,10.0
2012-05-30,259,11.0
2012-05-31,233,13.0
2012-06-01,221,14.0
2012-06-02,218,13.0
2012-06-03,217,14.0
2012-06-04,213,13.0
2012-06-05,220,9.0
2012-06-06,212,10.0
2012-06-07,216,13.0
2012-06-08,213,11.0
2012-06-09,218,14.0
2012-06-10,207,17.0
2012-06-11,177,21.0
2012-06-12,205,13.0
2012-06-13,188,17.0
2012-06-14,190,18.0
2012-06-15,202,18.0
2012-06-16,221,18.0
2012-06-17,245,15.0
2012-06-18,257,18.0
2012-06-19,252,19.0
2012-06-20,243,18.0
2012-06-21,235,15.0
2012-06-22,227,14.0
2012-06-23,219,15.0
2012-06-24,225,17.0
2012-06-25,225,17.0
2012-06-26,226,17.0
2012-06-27,219,16.0
2012-06-28,217,12.0
2012-06-29,198,13.0
2012-06-30,201,14.0
2012-07-01,180,11.0
2012-07-02,204,12.0
2012-07-03,215,10.0
2012-07-04,230,19.0
2012-07-05,228,17.0
2012-07-06,234,17.0
2012-07-07,226,18.0
2012-07-08,224,18.0
2012-07-09,235,12.0
2012-07-10,205,13.0
2012-07-11,202,14.0
2012-07-12,220,14.0
2012-07-13,232,14.0
2012-07-14,241,14.0
2012-07-15,236,14.0
2012-07-16,232,11.0
2012-07-17,226,12.0
2012-07-18,251,19.0
2012-07-19,248,24.0
2012-07-20,247,20.0
2012-07-21,256,18.0
2012-07-22,262,17.0
2012-07-23,251,17.0
2012-07-24,248,20.0
2012-07-25,248,18.0
2012-07-26,249,21.0
2012-07-27,248,17.0
2012-07-28,252,18.0
2012-07-29,257,18.0
2012-07-30,249,22.0
2012-07-31,254,25.0
2012-08-01,248,19.0
2012-08-02,258,21.0
2012-08-03,252,23.0
2012-08-04,234,21.0
2012-08-05,240,20.0
2012-08-06,262,20.0
2012-08-07,262,18.0
2012-08-08,240,17.0
2012-08-09,258,23.0
2012-08-10,260,18.0
2012-08-11,259,18.0
2012-08-12,256,18.0
2012-08-13,244,19.0
2012-08-14,241,19.0
2012-08-15,246,17.0
2012-08-16,248,14.0
2012-08-17,263,13.0
2012-08-18,268,15.0
2012-08-19,255,18.0
2012-08-20,221,16.0
2012-08-21,213,15.0
2012-08-22,197,16.0
2012-08-23,195,15.0
2012-08-24,210,10.0
2012-08-25,226,11.0
2012-08-26,249,13.0
2012-08-27,249,16.0
2012-08-28,239,16.0
2012-08-29,237,9.0
2012-08-30,195,10.0
2012-08-31,194,11.0
2012-09-01,193,12.0
2012-09-02,199,11.0
2012-09-03,264,12.0
2012-09-04,244,18.0
2012-09-05,235,17.0
2012-09-06,221,20.0
2012-09-07,201,23.0
2012-09-08,202,22.0
2012-09-09,217,17.0
2012-09-10,238,15.0
2012-09-11,241,17.0
2012-09-12,215,18.0
2012-09-13,211,19.0
2012-09-14,217,19.0
2012-09-15,232,19.0
2012-09-16,241,15.0
2012-09-17,220,13.0
2012-09-18,205,10.0
2012-09-19,221,7.0
2012-09-20,257,6.0
2012-09-21,248,7.0
2012-09-22,216,6.0
2012-09-23,219,9.0
2012-09-24,225,7.0
2012-09-25,225,6.0
2012-09-26,222,7.0
2012-09-27,256,11.0
2012-09-28,258,13.0
2012-09-29,215,11.0
2012-09-30,176,9.0
2012-10-01,230,4.0
2012-10-02,242,8.0
2012-10-03,188,10.0
2012-10-04,154,8.0
2012-10-05,167,7.0
2012-10-06,308,7.0
2012-10-07,192,4.0
2012-10-08,197,5.0
2012-10-09,215,5.0
2012-10-10,196,7.0
2012-10-11,251,9.0
2012-10-12,177,7.0
2012-10-13,181,7.0
2012-10-14,153,7.0
2012-10-15,185,9.0
2012-10-16,147,9.0
2012-10-17,152,10.0
2012-10-18,165,10.0
2012-10-19,168,11.0
2012-10-20,131,11.0
2012-10-21,71,9.0
2012-10-22,86,8.0
2012-10-23,159,9.0
2012-10-24,129,5.0
2012-10-25,147,7.0
2012-10-26,147,7.0
2012-10-27,160,7.0
2012-10-28,171,9.0
2012-10-29,168,10.0
2012-10-30,103,10.0
2012-10-31,128,10.0
2012-11-01,121,9.0
2012-11-02,147,7.0
2012-11-03,190,7.0
2012-11-04,201,7.0
2012-11-05,175,7.0
2012-11-06,185,7.0
2012-11-07,181,7.0
2012-11-08,182,7.0
2012-11-09,174,6.0
2012-11-10,186,8.0
2012-11-11,177,7.0
2012-11-12,156,5.0
2012-11-13,176,7.0
2012-11-14,152,8.0
2012-11-15,152,8.0
2012-11-16,171,12.0
2012-11-17,166,12.0
2012-11-18,193,11.0
2012-11-19,159,10.0
2012-11-20,155,9.0
2012-11-21,160,8.0
2012-11-22,148,9.0
2012-11-23,180,11.0
2012-11-24,185,11.0
2012-11-25,138,10.0
2012-11-26,177,10.0
2012-11-27,213,8.0
2012-11-28,205,8.0
2012-11-29,171,11.0
2012-11-30,176,11.0
2012-12-01,172,10.0
2012-12-02,170,8.0
2012-12-03,157,9.0
2012-12-04,163,9.0
2012-12-05,167,10.0
2012-12-06,206,10.0
2012-12-07,146,8.0
2012-12-08,172,8.0
2012-12-09,207,10.0
2012-12-10,327,9.0
2012-12-11,285,8.0
2012-12-12,175,9.0
2012-12-13,279,7.0
2012-12-14,132,8.0
2012-12-15,134,8.0
2012-12-16,143,9.0
2012-12-17,165,10.0
2012-12-18,165,12.0
2012-12-19,162,10.0
2012-12-20,165,10.0
2012-12-21,155,8.0
2012-12-22,153,7.0
2012-12-23,184,6.0
2012-12-24,146,8.0
2012-12-25,167,10.0
2012-12-26,166,12.0
2012-12-27,162,10.0
2012-12-28,140,10.0
2012-12-29,171,10.0
2012-12-30,211,10.0
2012-12-31,234,7.0
2013-01-01,319,7.0
2013-01-02,254,10.0
2013-01-03,254,13.0
2013-01-04,295,11.0
2013-01-05,302,10.0
2013-01-06,172,12.0
2013-01-07,179,12.0
2013-01-08,179,8.0
2013-01-09,186,9.0
2013-01-10,176,11.0
2013-01-11,148,11.0
2013-01-12,157,10.0
2013-01-13,148,7.0
2013-01-14,209,9.0
2013-01-15,211,10.0
2013-01-16,207,10.0
2013-01-17,254,9.0
2013-01-18,261,16.0
2013-01-19,177,16.0
2013-01-20,131,12.0
2013-01-21,172,11.0
2013-01-22,168,7.0
2013-01-23,203,6.0
2013-01-24,181,8.0
2013-01-25,224,8.0
2013-01-26,168,9.0
2013-01-27,174,9.0
2013-01-28,173,10.0
2013-01-29,237,8.0
2013-01-30,256,7.0
2013-01-31,161,9.0
2013-02-01,164,9.0
2013-02-02,207,10.0
2013-02-03,273,9.0
2013-02-04,279,8.0
2013-02-05,288,10.0
2013-02-06,256,17.0
2013-02-07,167,14.0
2013-02-08,212,10.0
2013-02-09,136,8.0
2013-02-10,173,6.0
2013-02-11,119,7.0
2013-02-12,132,9.0
2013-02-13,138,10.0
2013-02-14,227,7.0
2013-02-15,255,7.0
2013-02-16,300,12.0
2013-02-17,175,9.0
2013-02-18,138,10.0
2013-02-19,149,8.0
2013-02-20,173,10.0
2013-02-21,194,9.0
2013-02-22,233,9.0
2013-02-23,330,10.0
2013-02-24,133,14.0
2013-02-25,153,8.0
2013-02-26,274,10.0
2013-02-27,255,13.0
2013-02-28,132,17.0
2013-03-01,148,15.0
2013-03-02,148,13.0
2013-03-03,149,12.0
2013-03-04,151,9.0
2013-03-05,184,9.0
2013-03-06,155,10.0
2013-03-07,140,9.0
2013-03-08,169,7.0
2013-03-09,278,10.0
2013-03-10,326,11.0
2013-03-11,271,8.0
2013-03-12,263,8.0
2013-03-13,270,8.0
2013-03-14,252,12.0
2013-03-15,292,15.0
2013-03-16,242,9.0
2013-03-17,241,8.0
2013-03-18,267,8.0
2013-03-19,262,8.0
2013-03-20,287,11.0
2013-03-21,252,12.0
2013-03-22,262,10.0
2013-03-23,306,11.0
2013-03-24,290,12.0
2013-03-25,282,13.0
2013-03-26,303,11.0
2013-03-27,314,10.0
2013-03-28,326,14.0
2013-03-29,333,15.0
2013-03-30,292,12.0
2013-03-31,277,10.0
2013-04-01,288,8.0
2013-04-02,297,9.0
2013-04-03,284,12.0
2013-04-04,281,11.0
2013-04-05,230,10.0
2013-04-06,257,8.0
2013-04-07,257,9.0
2013-04-08,242,12.0
2013-04-09,319,13.0
2013-04-10,282,13.0
2013-04-11,325,14.0
2013-04-12,281,12.0
2013-04-13,235,12.0
2013-04-14,306,10.0
2013-04-15,289,11.0
2013-04-16,243,9.0
2013-04-17,248,9.0
2013-04-18,220,9.0
2013-04-19,241,9.0
2013-04-20,219,9.0
2013-04-21,225,8.0
2013-04-22,192,11.0
2013-04-23,217,9.0
2013-04-24,274,10.0
2013-04-25,275,11.0
2013-04-26,261,12.0
2013-04-27,250,12.0
2013-04-28,275,10.0
2013-04-29,314,11.0
2013-04-30,315,12.0
2013-05-01,307,10.0
2013-05-02,255,9.0
2013-05-03,253,9.0
2013-05-04,259,9.0
2013-05-05,284,8.0
2013-05-06,284,8.0
2013-05-07,299,9.0
2013-05-08,261,9.0
2013-05-09,258,10.0
2013-05-10,218,8.0
2013-05-11,277,9.0
2013-05-12,256,9.0
2013-05-13,283,11.0
2013-05-14,276,10.0
2013-05-15,245,9.0
2013-05-16,229,12.0
2013-05-17,243,10.0
2013-05-18,256,8.0
2013-05-19,255,10.0
2013-05-20,249,9.0
2013-05-21,238,11.0
2013-05-22,256,10.0
2013-05-23,249,12.0
2013-05-24,245,12.0
2013-05-25,239,13.0
2013-05-26,236,12.0
2013-05-27,237,13.0
2013-05-28,262,13.0
2013-05-29,284,14.0
2013-05-30,289,14.0
2013-05-31,281,13.0
2013-06-01,266,12.0
2013-06-02,205,14.0
2013-06-03,199,14.0
2013-06-04,199,14.0
2013-06-05,221,10.0
2013-06-06,240,10.0
2013-06-07,232,9.0
2013-06-08,207,12.0
2013-06-09,201,18.0
2013-06-10,211,19.0
2013-06-11,213,19.0
2013-06-12,203,20.0
2013-06-13,202,17.0
2013-06-14,215,17.0
2013-06-15,212,19.0
2013-06-16,232,25.0
2013-06-17,238,19.0
2013-06-18,244,17.0
2013-06-19,226,13.0
2013-06-20,214,12.0
2013-06-21,227,16.0
2013-06-22,236,13.0
2013-06-23,217,13.0
2013-06-24,220,14.0
2013-06-25,221,14.0
2013-06-26,231,14.0
2013-06-27,234,22.0
2013-06-28,225,23.0
2013-06-29,221,22.0
2013-06-30,229,20.0
2013-07-01,240,17.0
2013-07-02,256,13.0
2013-07-03,265,21.0
2013-07-04,261,18.0
2013-07-05,239,19.0
2013-07-06,231,15.0
2013-07-07,234,14.0
2013-07-08,233,16.0
2013-07-09,231,17.0
2013-07-10,244,18.0
2013-07-11,265,18.0
2013-07-12,268,18.0
2013-07-13,253,18.0
2013-07-14,248,15.0
2013-07-15,257,17.0
2013-07-16,261,14.0
2013-07-17,250,18.0
2013-07-18,260,20.0
2013-07-19,252,21.0
2013-07-20,242,22.0
2013-07-21,253,21.0
2013-07-22,255,22.0
2013-07-23,255,19.0
2013-07-24,247,22.0
2013-07-25,245,25.0
2013-07-26,238,27.0
2013-07-27,242,22.0
2013-07-28,248,26.0
2013-07-29,243,26.0
2013-07-30,250,25.0
2013-07-31,251,23.0
2013-08-01,254,24.0
2013-08-02,245,24.0
2013-08-03,228,19.0
2013-08-04,247,13.0
2013-08-05,243,11.0
2013-08-06,246,12.0
2013-08-07,243,11.0
2013-08-08,244,13.0
2013-08-09,252,14.0
2013-08-10,244,17.0
2013-08-11,233,17.0
2013-08-12,242,15.0
2013-08-13,245,17.0
2013-08-14,235,18.0
2013-08-15,229,14.0
2013-08-16,226,12.0
2013-08-17,247,12.0
2013-08-18,255,14.0
2013-08-19,263,14.0
2013-08-20,265,18.0
2013-08-21,271,18.0
2013-08-22,276,14.0
2013-08-23,284,15.0
2013-08-24,285,9.0
2013-08-25,261,10.0
2013-08-26,231,10.0
2013-08-27,223,9.0
2013-08-28,227,10.0
2013-08-29,231,10.0
2013-08-30,239,10.0
2013-08-31,242,8.0
2013-09-01,234,7.0
2013-09-02,235,7.0
2013-09-03,233,8.0
2013-09-04,227,12.0
2013-09-05,221,11.0
2013-09-06,228,9.0
2013-09-07,239,7.0
2013-09-08,238,8.0
2013-09-09,287,9.0
2013-09-10,297,10.0
2013-09-11,176,7.0
2013-09-12,189,5.0
2013-09-13,209,6.0
2013-09-14,232,5.0
2013-09-15,216,4.0
2013-09-16,222,7.0
2013-09-17,279,9.0
2013-09-18,334,8.0
2013-09-19,257,6.0
2013-09-20,280,10.0
2013-09-21,266,14.0
2013-09-22,261,12.0
2013-09-23,229,17.0
2013-09-24,223,17.0
2013-09-25,203,14.0
2013-09-26,182,16.0
2013-09-27,189,15.0
2013-09-28,198,12.0
2013-09-29,219,12.0
2013-09-30,241,10.0
2013-10-01,250,9.0
2013-10-02,190,13.0
2013-10-03,168,12.0
2013-10-04,161,12.0
2013-10-05,187,8.0
2013-10-06,231,8.0
2013-10-07,231,6.0
2013-10-08,293,7.0
2013-10-09,261,9.0
2013-10-10,198,9.0
2013-10-11,194,7.0
2013-10-12,177,7.0
2013-10-13,256,6.0
2013-10-14,252,6.0
2013-10-15,256,6.0
2013-10-16,220,8.0
2013-10-17,153,8.0
2013-10-18,167,8.0
2013-10-19,120,10.0
2013-10-20,155,10.0
2013-10-21,155,12.0
2013-10-22,118,12.0
2013-10-23,125,12.0
2013-10-24,155,12.0
2013-10-25,149,9.0
2013-10-26,153,7.0
2013-10-27,196,6.0
2013-10-28,170,6.0
2013-10-29,192,7.0
2013-10-30,185,10.0
2013-10-31,149,10.0
2013-11-01,157,10.0
2013-11-02,163,11.0
2013-11-03,159,11.0
2013-11-04,159,9.0
2013-11-05,160,10.0
2013-11-06,155,8.0
2013-11-07,151,9.0
2013-11-08,143,9.0
2013-11-09,143,11.0
2013-11-10,157,11.0
2013-11-11,164,11.0
2013-11-12,162,9.0
2013-11-13,147,9.0
2013-11-14,160,9.0
2013-11-15,137,10.0
2013-11-16,176,12.0
2013-11-17,130,12.0
2013-11-18,170,11.0
2013-11-19,162,11.0
2013-11-20,144,12.0
2013-11-21,148,8.0
2013-11-22,159,9.0
2013-11-23,163,10.0
2013-11-24,148,9.0
2013-11-25,178,8.0
2013-11-26,152,8.0
2013-11-27,157,7.0
2013-11-28,174,9.0
2013-11-29,161,10.0
2013-11-30,164,10.0
2013-12-01,157,9.0
2013-12-02,175,7.0
2013-12-03,138,12.0
2013-12-04,162,8.0
2013-12-05,161,10.0
2013-12-06,155,10.0
2013-12-07,160,9.0
2013-12-08,162,9.0
2013-12-09,152,9.0
2013-12-10,157,9.0
2013-12-11,155,10.0
2013-12-12,113,12.0
2013-12-13,159,11.0
2013-12-14,151,9.0
2013-12-15,113,9.0
2013-12-16,148,10.0
2013-12-17,144,11.0
2013-12-18,149,9.0
2013-12-19,179,8.0
2013-12-20,171,8.0
2013-12-21,173,8.0
2013-12-22,139,12.0
2013-12-23,148,9.0
2013-12-24,157,11.0
2013-12-25,171,9.0
2013-12-26,146,9.0
2013-12-27,134,11.0
2013-12-28,180,14.0
2013-12-29,168,10.0
2013-12-30,241,8.0
2013-12-31,178,12.0
2014-01-01,148,11.0
2014-01-02,158,10.0
2014-01-03,145,9.0
2014-01-04,175,11.0
2014-01-05,176,15.0
2014-01-06,136,14.0
2014-01-07,148,9.0
2014-01-08,158,8.0
2014-01-09,170,11.0
2014-01-10,168,14.0
2014-01-11,176,15.0
2014-01-12,148,7.0
2014-01-13,172,8.0
2014-01-14,171,10.0
2014-01-15,176,13.0
2014-01-16,207,11.0
2014-01-17,241,9.0
2014-01-18,144,14.0
2014-01-19,153,9.0
2014-01-20,212,7.0
2014-01-21,254,11.0
2014-01-22,256,13.0
2014-01-23,173,12.0
2014-01-24,173,13.0
2014-01-25,148,10.0
2014-01-26,199,10.0
2014-01-27,174,11.0
2014-01-28,165,13.0
2014-01-29,158,10.0
2014-01-30,148,10.0
2014-01-31,154,10.0
2014-02-01,156,10.0
2014-02-02,154,10.0
2014-02-03,134,12.0
2014-02-04,134,11.0
2014-02-05,135,11.0
2014-02-06,243,9.0
2014-02-07,208,11.0
2014-02-08,210,12.0
2014-02-09,172,13.0
2014-02-10,210,12.0
2014-02-11,253,14.0
2014-02-12,165,9.0
2014-02-13,228,10.0
2014-02-14,291,9.0
2014-02-15,216,6.0
2014-02-16,137,11.0
2014-02-17,148,14.0
2014-02-18,158,12.0
2014-02-19,137,10.0
2014-02-20,258,8.0
2014-02-21,294,9.0
2014-02-22,318,9.0
2014-02-23,163,9.0
2014-02-24,160,9.0
2014-02-25,146,8.0
2014-02-26,214,8.0
2014-02-27,271,8.0
2014-02-28,301,11.0
2014-03-01,210,12.0
2014-03-02,137,17.0
2014-03-03,152,13.0
2014-03-04,168,9.0
2014-03-05,185,7.0
2014-03-06,204,7.0
2014-03-07,183,7.0
2014-03-08,178,7.0
2014-03-09,205,6.0
2014-03-10,191,6.0
2014-03-11,204,8.0
2014-03-12,170,12.0
2014-03-13,169,8.0
2014-03-14,166,9.0
2014-03-15,161,9.0
2014-03-16,252,13.0
2014-03-17,212,15.0
2014-03-18,209,14.0
2014-03-19,173,13.0
2014-03-20,200,11.0
2014-03-21,326,12.0
2014-03-22,314,10.0
2014-03-23,282,10.0
2014-03-24,248,10.0
2014-03-25,223,10.0
2014-03-26,231,10.0
2014-03-27,273,12.0
2014-03-28,334,12.0
2014-03-29,295,14.0
2014-03-30,254,14.0
2014-03-31,324,12.0
2014-04-01,324,12.0
2014-04-02,245,12.0
2014-04-03,249,14.0
2014-04-04,144,9.0
2014-04-05,285,7.0
2014-04-06,224,9.0
2014-04-07,257,8.0
2014-04-08,225,8.0
2014-04-09,270,7.0
2014-04-10,313,10.0
2014-04-11,277,11.0
2014-04-12,263,9.0
2014-04-13,252,7.0
2014-04-14,212,7.0
2014-04-15,270,7.0
2014-04-16,210,8.0
2014-04-17,227,8.0
2014-04-18,230,9.0
2014-04-19,264,9.0
2014-04-20,281,10.0
2014-04-21,170,10.0
2014-04-22,243,10.0
2014-04-23,251,12.0
2014-04-24,284,12.0
2014-04-25,274,12.0
2014-04-26,235,12.0
2014-04-27,252,9.0
2014-04-28,226,9.0
2014-04-29,242,8.0
2014-04-30,253,8.0
2014-05-01,284,9.0
2014-05-02,265,9.0
2014-05-03,258,8.0
2014-05-04,241,9.0
2014-05-05,244,11.0
2014-05-06,269,10.0
2014-05-07,285,8.0
2014-05-08,234,9.0
2014-05-09,226,9.0
2014-05-10,226,10.0
2014-05-11,244,10.0
2014-05-12,293,9.0
2014-05-13,312,11.0
2014-05-14,308,12.0
2014-05-15,315,13.0
2014-05-16,312,12.0
2014-05-17,282,10.0
2014-05-18,317,12.0
2014-05-19,296,8.0
2014-05-20,279,10.0
2014-05-21,254,9.0
2014-05-22,249,10.0
2014-05-23,269,9.0
2014-05-24,221,9.0
2014-05-25,276,9.0
2014-05-26,287,9.0
2014-05-27,249,11.0
2014-05-28,225,10.0
2014-05-29,234,10.0
2014-05-30,242,11.0
2014-05-31,247,9.0
2014-06-01,282,9.0
2014-06-02,288,11.0
2014-06-03,245,11.0
2014-06-04,239,10.0
2014-06-05,236,12.0
2014-06-06,236,12.0
2014-06-07,224,13.0
2014-06-08,218,14.0
2014-06-09,189,17.0
2014-06-10,180,23.0
2014-06-11,177,27.0
2014-06-12,187,22.0
2014-06-13,196,21.0
2014-06-14,208,18.0
2014-06-15,201,20.0
2014-06-16,207,19.0
2014-06-17,204,18.0
2014-06-18,212,18.0
2014-06-19,220,18.0
2014-06-20,230,22.0
2014-06-21,236,23.0
2014-06-22,238,23.0
2014-06-23,244,20.0
2014-06-24,245,18.0
2014-06-25,242,18.0
2014-06-26,242,13.0
2014-06-27,249,10.0
2014-06-28,276,10.0
2014-06-29,262,11.0
2014-06-30,260,13.0
2014-07-01,253,12.0
2014-07-02,242,11.0
2014-07-03,233,9.0
2014-07-04,232,10.0
2014-07-05,230,11.0
2014-07-06,229,12.0
2014-07-07,237,12.0
2014-07-08,233,11.0
2014-07-09,200,12.0
2014-07-10,203,17.0
2014-07-11,235,21.0
2014-07-12,230,11.0
2014-07-13,217,13.0
2014-07-14,225,15.0
2014-07-15,238,19.0
2014-07-16,239,25.0
2014-07-17,231,25.0
2014-07-18,240,27.0
2014-07-19,245,22.0
2014-07-20,248,20.0
2014-07-21,255,18.0
2014-07-22,265,21.0
2014-07-23,266,24.0
2014-07-24,257,21.0
2014-07-25,237,18.0
2014-07-26,238,15.0
2014-07-27,255,19.0
2014-07-28,252,23.0
2014-07-29,252,26.0
2014-07-30,260,24.0
2014-07-31,251,20.0
2014-08-01,235,22.0
2014-08-02,225,24.0
2014-08-03,240,24.0
2014-08-04,248,22.0
2014-08-05,242,22.0
2014-08-06,242,22.0
2014-08-07,239,21.0
2014-08-08,223,18.0
2014-08-09,219,15.0
2014-08-10,234,12.0
2014-08-11,234,13.0
2014-08-12,238,16.0
2014-08-13,240,18.0
2014-08-14,236,19.0
2014-08-15,226,21.0
2014-08-16,224,19.0
2014-08-17,245,10.0
2014-08-18,235,7.0
2014-08-19,316,9.0
2014-08-20,316,11.0
2014-08-21,313,10.0
2014-08-22,276,9.0
2014-08-23,297,11.0
2014-08-24,282,9.0
2014-08-25,288,7.0
2014-08-26,269,9.0
2014-08-27,204,7.0
2014-08-28,249,6.0
2014-08-29,217,6.0
2014-08-30,309,8.0
2014-08-31,293,12.0
2014-09-01,234,25.0
2014-09-02,205,22.0
2014-09-03,202,24.0
2014-09-04,223,23.0
2014-09-05,226,10.0
2014-09-06,254,11.0
2014-09-07,271,11.0
2014-09-08,282,11.0
2014-09-09,275,13.0
2014-09-10,253,14.0
2014-09-11,232,11.0
2014-09-12,191,11.0
2014-09-13,208,10.0
2014-09-14,199,9.0
2014-09-15,205,8.0
2014-09-16,209,6.0
2014-09-17,217,6.0
2014-09-18,263,7.0
2014-09-19,268,9.0
2014-09-20,297,8.0
2014-09-21,218,7.0
2014-09-22,239,7.0
2014-09-23,240,7.0
2014-09-24,247,9.0
2014-09-25,252,11.0
2014-09-26,217,8.0
2014-09-27,131,9.0
2014-09-28,145,9.0
2014-09-29,145,8.0
2014-09-30,156,6.0
2014-10-01,109,9.0
2014-10-02,149,10.0
2014-10-03,192,7.0
2014-10-04,228,7.0
2014-10-05,212,10.0
2014-10-06,213,11.0
2014-10-07,239,9.0
2014-10-08,197,9.0
2014-10-09,126,7.0
2014-10-10,148,7.0
2014-10-11,141,9.0
2014-10-12,225,10.0
2014-10-13,184,7.0
2014-10-14,186,6.0
2014-10-15,182,8.0
2014-10-16,156,9.0
2014-10-17,154,7.0
2014-10-18,190,8.0
2014-10-19,162,7.0
2014-10-20,158,9.0
2014-10-21,153,10.0
2014-10-22,157,8.0
2014-10-23,158,9.0
2014-10-24,115,9.0
2014-10-25,91,15.0
2014-10-26,114,11.0
2014-10-27,101,6.0
2014-10-28,152,7.0
2014-10-29,157,9.0
2014-10-30,154,8.0
2014-10-31,163,9.0
2014-11-01,148,8.0
2014-11-02,162,8.0
2014-11-03,154,9.0
2014-11-04,150,8.0
2014-11-05,131,9.0
2014-11-06,176,11.0
2014-11-07,137,11.0
2014-11-08,152,12.0
2014-11-09,158,9.0
2014-11-10,160,9.0
2014-11-11,159,8.0
2014-11-12,162,8.0
2014-11-13,157,8.0
2014-11-14,84,7.0
2014-11-15,98,10.0
2014-11-16,120,6.0
2014-11-17,195,8.0
2014-11-18,156,9.0
2014-11-19,163,9.0
2014-11-20,167,9.0
2014-11-21,165,9.0
2014-11-22,156,8.0
2014-11-23,147,9.0
2014-11-24,153,8.0
2014-11-25,168,9.0
2014-11-26,166,10.0
2014-11-27,165,8.0
2014-11-28,156,8.0
2014-11-29,153,9.0
2014-11-30,121,9.0
2014-12-01,170,10.0
2014-12-02,145,9.0
2014-12-03,158,9.0
2014-12-04,154,9.0
2014-12-05,172,8.0
2014-12-06,176,10.0
2014-12-07,170,10.0
2014-12-08,159,8.0
2014-12-09,150,9.0
2014-12-10,137,10.0
2014-12-11,141,8.0
2014-12-12,199,7.0
2014-12-13,229,9.0
2014-12-14,139,14.0
2014-12-15,107,17.0
2014-12-16,49,13.0
2014-12-17,96,11.0
2014-12-18,95,10.0
2014-12-19,129,11.0
2014-12-20,162,10.0
2014-12-21,169,9.0
2014-12-22,160,8.0
2014-12-23,183,9.0
2014-12-24,143,12.0
2014-12-25,148,11.0
2014-12-26,163,12.0
2014-12-27,169,10.0
2014-12-28,162,10.0
2014-12-29,154,10.0
2014-12-30,201,7.0
2014-12-31,212,10.0
2015-01-01,209,8.0
2015-01-02,160,7.0
2015-01-03,177,8.0
2015-01-04,156,11.0
2015-01-05,157,12.0
2015-01-06,145,10.0
2015-01-07,133,11.0
2015-01-08,141,10.0
2015-01-09,168,9.0
2015-01-10,165,11.0
2015-01-11,156,11.0
2015-01-12,156,9.0
2015-01-13,166,10.0
2015-01-14,189,9.0
2015-01-15,183,12.0
2015-01-16,147,11.0
2015-01-17,144,11.0
2015-01-18,145,11.0
2015-01-19,239,8.0
2015-01-20,181,6.0
2015-01-21,173,9.0
2015-01-22,190,11.0
2015-01-23,175,14.0
2015-01-24,142,12.0
2015-01-25,173,10.0
2015-01-26,214,15.0
2015-01-27,217,17.0
2015-01-28,135,12.0
2015-01-29,132,13.0
2015-01-30,159,12.0
2015-01-31,155,10.0
2015-02-01,205,9.0
2015-02-02,214,9.0
2015-02-03,131,11.0
2015-02-04,154,10.0
2015-02-05,154,10.0
2015-02-06,158,8.0
2015-02-07,281,9.0
2015-02-08,259,12.0
2015-02-09,141,12.0
2015-02-10,166,10.0
2015-02-11,195,8.0
2015-02-12,134,12.0
2015-02-13,132,10.0
2015-02-14,198,8.0
2015-02-15,291,11.0
2015-02-16,207,10.0
2015-02-17,246,11.0
2015-02-18,200,10.0
2015-02-19,165,9.0
2015-02-20,169,10.0
2015-02-21,145,10.0
2015-02-22,194,9.0
2015-02-23,155,8.0
2015-02-24,194,8.0
2015-02-25,250,14.0
2015-02-26,288,13.0
2015-02-27,194,8.0
2015-02-28,134,10.0
2015-03-01,192,15.0
2015-03-02,270,12.0
2015-03-03,218,11.0
2015-03-04,132,12.0
2015-03-05,135,11.0
2015-03-06,184,11.0
2015-03-07,221,11.0
2015-03-08,248,12.0
2015-03-09,216,14.0
2015-03-10,150,11.0
2015-03-11,245,10.0
2015-03-12,219,10.0
2015-03-13,218,10.0
2015-03-14,211,11.0
2015-03-15,252,10.0
2015-03-16,232,10.0
2015-03-17,240,10.0
2015-03-18,241,10.0
2015-03-19,248,11.0
2015-03-20,182,9.0
2015-03-21,217,9.0
2015-03-22,264,8.0
2015-03-23,302,8.0
2015-03-24,287,11.0
2015-03-25,182,11.0
2015-03-26,195,10.0
2015-03-27,201,8.0
2015-03-28,241,8.0
2015-03-29,212,9.0
2015-03-30,254,13.0
2015-03-31,245,12.0
2015-04-01,276,10.0
2015-04-02,228,10.0
2015-04-03,236,9.0
2015-04-04,243,9.0
2015-04-05,240,10.0
2015-04-06,275,10.0
2015-04-07,259,8.0
2015-04-08,295,9.0
2015-04-09,279,9.0
2015-04-10,249,9.0
2015-04-11,228,10.0
2015-04-12,214,9.0
2015-04-13,249,10.0
2015-04-14,247,10.0
2015-04-15,258,10.0
2015-04-16,215,11.0
2015-04-17,280,10.0
2015-04-18,238,10.0
2015-04-19,211,8.0
2015-04-20,243,8.0
2015-04-21,217,11.0
2015-04-22,206,13.0
2015-04-23,223,12.0
2015-04-24,226,10.0
2015-04-25,238,8.0
2015-04-26,237,10.0
2015-04-27,261,8.0
2015-04-28,238,10.0
2015-04-29,216,9.0
2015-04-30,227,10.0
2015-05-01,256,7.0
2015-05-02,192,9.0
2015-05-03,217,11.0
2015-05-04,213,9.0
2015-05-05,233,9.0
2015-05-06,255,10.0
2015-05-07,252,10.0
2015-05-08,304,11.0
2015-05-09,325,12.0
2015-05-10,280,12.0
2015-05-11,233,13.0
2015-05-12,282,9.0
2015-05-13,196,8.0
2015-05-14,302,10.0
2015-05-15,221,11.0
2015-05-16,263,9.0
2015-05-17,249,10.0
2015-05-18,230,9.0
2015-05-19,274,11.0
2015-05-20,256,10.0
2015-05-21,255,11.0
2015-05-22,260,11.0
2015-05-23,237,14.0
2015-05-24,238,14.0
2015-05-25,252,13.0
2015-05-26,255,12.0
2015-05-27,267,11.0
2015-05-28,281,12.0
2015-05-29,291,11.0
2015-05-30,287,9.0
2015-05-31,284,10.0
2015-06-01,216,14.0
2015-06-02,215,13.0
2015-06-03,237,10.0
2015-06-04,224,10.0
2015-06-05,263,9.0
2015-06-06,244,9.0
2015-06-07,175,13.0
2015-06-08,182,21.0
2015-06-09,187,18.0
2015-06-10,189,19.0
2015-06-11,202,14.0
2015-06-12,212,12.0
2015-06-13,191,9.0
2015-06-14,219,11.0
2015-06-15,189,12.0
2015-06-16,198,16.0
2015-06-17,198,18.0
2015-06-18,190,18.0
2015-06-19,199,21.0
2015-06-20,194,21.0
2015-06-21,197,22.0
2015-06-22,207,28.0
2015-06-23,213,34.0
2015-06-24,232,30.0
2015-06-25,223,26.0
2015-06-26,224,21.0
2015-06-27,223,16.0
2015-06-28,223,14.0
2015-06-29,223,12.0
2015-06-30,224,9.0
2015-07-01,231,11.0
2015-07-02,230,10.0
2015-07-03,239,12.0
2015-07-04,238,14.0
2015-07-05,232,16.0
2015-07-06,225,21.0
2015-07-07,228,21.0
2015-07-08,243,18.0
2015-07-09,250,16.0
2015-07-10,252,18.0
2015-07-11,237,19.0
2015-07-12,220,13.0
2015-07-13,233,9.0
2015-07-14,237,9.0
2015-07-15,247,13.0
2015-07-16,235,17.0
2015-07-17,235,21.0
2015-07-18,248,20.0
2015-07-19,254,21.0
2015-07-20,255,15.0
2015-07-21,252,14.0
2015-07-22,242,15.0
2015-07-23,216,16.0
2015-07-24,235,17.0
2015-07-25,242,17.0
2015-07-26,235,22.0
2015-07-27,225,25.0
2015-07-28,232,29.0
2015-07-29,234,22.0
2015-07-30,243,20.0
2015-07-31,246,16.0
2015-08-01,250,13.0
2015-08-02,256,13.0
2015-08-03,265,13.0
2015-08-04,270,14.0
2015-08-05,254,14.0
2015-08-06,251,15.0
2015-08-07,257,15.0
2015-08-08,256,13.0
2015-08-09,239,8.0
2015-08-10,217,10.0
2015-08-11,206,8.0
2015-08-12,224,7.0
2015-08-13,248,9.0
2015-08-14,231,11.0
2015-08-15,229,10.0
2015-08-16,229,9.0
2015-08-17,215,7.0
2015-08-18,208,8.0
2015-08-19,232,6.0
2015-08-20,252,7.0
2015-08-21,246,10.0
2015-08-22,267,13.0
2015-08-23,263,12.0
2015-08-24,242,11.0
2015-08-25,258,10.0
2015-08-26,275,10.0
2015-08-27,271,9.0
2015-08-28,228,6.0
2015-08-29,213,6.0
2015-08-30,211,9.0
2015-08-31,223,9.0
2015-09-01,220,13.0
2015-09-02,215,9.0
2015-09-03,189,8.0
2015-09-04,219,5.0
2015-09-05,239,13.0
2015-09-06,241,12.0
2015-09-07,285,8.0
2015-09-08,187,7.0
2015-09-09,237,6.0
2015-09-10,246,6.0
2015-09-11,237,5.0
2015-09-12,190,9.0
2015-09-13,180,6.0
2015-09-14,233,7.0
2015-09-15,311,9.0
2015-09-16,302,9.0
2015-09-17,236,11.0
2015-09-18,247,11.0
2015-09-19,247,10.0
2015-09-20,262,10.0
2015-09-21,213,19.0
2015-09-22,198,13.0
2015-09-23,225,7.0
2015-09-24,279,6.0
2015-09-25,238,6.0
2015-09-26,185,6.0
2015-09-27,177,10.0
2015-09-28,132,11.0
2015-09-29,114,10.0
2015-09-30,168,10.0
2015-10-01,176,8.0
2015-10-02,175,6.0
2015-10-03,199,7.0
2015-10-04,225,6.0
2015-10-05,172,8.0
2015-10-06,158,7.0
2015-10-07,157,6.0
2015-10-08,178,7.0
2015-10-09,213,8.0
2015-10-10,171,10.0
2015-10-11,167,10.0
2015-10-12,167,7.0
2015-10-13,173,6.0
2015-10-14,150,8.0
2015-10-15,153,9.0
2015-10-16,125,10.0
2015-10-17,164,8.0
2015-10-18,144,9.0
2015-10-19,157,7.0
2015-10-20,146,6.0
2015-10-21,141,7.0
2015-10-22,147,7.0
2015-10-23,214,7.0
2015-10-24,203,8.0
2015-10-25,163,6.0
2015-10-26,158,6.0
2015-10-27,164,5.0
2015-10-28,155,8.0
2015-10-29,151,13.0
2015-10-30,188,9.0
2015-10-31,162,10.0
2015-11-01,140,8.0
2015-11-02,133,11.0
2015-11-03,159,8.0
2015-11-04,165,7.0
2015-11-05,174,5.0
2015-11-06,158,8.0
2015-11-07,144,10.0
2015-11-08,147,11.0
2015-11-09,150,9.0
2015-11-10,122,10.0
2015-11-11,91,11.0
2015-11-12,51,10.0
2015-11-13,160,10.0
2015-11-14,160,9.0
2015-11-15,164,10.0
2015-11-16,161,12.0
2015-11-17,155,10.0
2015-11-18,48,11.0
2015-11-19,131,12.0
2015-11-20,81,11.0
2015-11-21,141,7.0
2015-11-22,147,8.0
2015-11-23,162,7.0
2015-11-24,132,6.0
2015-11-25,116,7.0
2015-11-26,154,6.0
2015-11-27,142,10.0
2015-11-28,132,10.0
2015-11-29,141,8.0
2015-11-30,154,9.0
2015-12-01,146,8.0
2015-12-02,145,12.0
2015-12-03,178,12.0
2015-12-04,217,12.0
2015-12-05,160,10.0
2015-12-06,126,10.0
2015-12-07,140,9.0
2015-12-08,133,8.0
2015-12-09,152,9.0
2015-12-10,214,9.0
2015-12-11,255,8.0
2015-12-12,173,10.0
2015-12-13,172,11.0
2015-12-14,175,11.0
2015-12-15,175,10.0
2015-12-16,212,9.0
2015-12-17,178,14.0
2015-12-18,141,10.0
2015-12-19,157,10.0
2015-12-20,135,9.0
2015-12-21,172,10.0
2015-12-22,134,12.0
2015-12-23,94,15.0
2015-12-24,26,15.0
2015-12-25,47,13.0
2015-12-26,91,11.0
2015-12-27,126,9.0
2015-12-28,127,10.0
2015-12-29,171,9.0
2015-12-30,155,7.0
2015-12-31,161,8.0
2016-01-01,164,9.0
2016-01-02,143,8.0
2016-01-03,184,9.0
2016-01-04,180,10.0
2016-01-05,154,10.0
2016-01-06,144,8.0
2016-01-07,151,8.0
2016-01-08,136,11.0
2016-01-09,139,13.0
2016-01-10,104,9.0
2016-01-11,135,8.0
2016-01-12,268,9.0
2016-01-13,212,10.0
2016-01-14,201,8.0
2016-01-15,164,8.0
2016-01-16,145,6.0
2016-01-17,170,7.0
2016-01-18,186,7.0
2016-01-19,230,10.0
2016-01-20,145,14.0
2016-01-21,161,13.0
2016-01-22,160,13.0
2016-01-23,161,11.0
2016-01-24,146,10.0
2016-01-25,167,10.0
2016-01-26,248,9.0
2016-01-27,251,10.0
2016-01-28,179,10.0
2016-01-29,132,10.0
2016-01-30,214,11.0
2016-01-31,263,12.0
2016-02-01,213,10.0
2016-02-02,217,12.0
2016-02-03,173,12.0
2016-02-04,154,8.0
2016-02-05,207,6.0
2016-02-06,258,7.0
2016-02-07,219,8.0
2016-02-08,210,8.0
2016-02-09,255,7.0
2016-02-10,239,6.0
2016-02-11,275,8.0
2016-02-12,212,9.0
2016-02-13,183,10.0
2016-02-14,215,14.0
2016-02-15,165,12.0
2016-02-16,266,9.0
2016-02-17,208,7.0
2016-02-18,246,8.0
2016-02-19,225,9.0
2016-02-20,255,11.0
2016-02-21,292,12.0
2016-02-22,251,13.0
2016-02-23,266,9.0
2016-02-24,202,8.0
2016-02-25,232,7.0
2016-02-26,258,5.0
2016-02-27,193,9.0
2016-02-28,227,7.0
2016-02-29,190,6.0
2016-03-01,183,6.0
2016-03-02,185,7.0
2016-03-03,263,8.0
2016-03-04,248,7.0
2016-03-05,292,10.0
2016-03-06,247,10.0
2016-03-07,211,10.0
2016-03-08,211,11.0
2016-03-09,292,11.0
2016-03-10,213,11.0
2016-03-11,277,10.0
2016-03-12,271,9.0
2016-03-13,316,11.0
2016-03-14,255,11.0
2016-03-15,281,10.0
2016-03-16,247,7.0
2016-03-17,242,7.0
2016-03-18,284,9.0
2016-03-19,248,11.0
2016-03-20,292,13.0
2016-03-21,253,10.0
2016-03-22,248,10.0
2016-03-23,235,9.0
2016-03-24,240,8.0
2016-03-25,200,8.0
2016-03-26,239,9.0
2016-03-27,250,9.0
2016-03-28,269,8.0
2016-03-29,216,8.0
2016-03-30,267,9.0
2016-03-31,269,9.0
2016-04-01,270,10.0
2016-04-02,271,11.0
2016-04-03,282,9.0
2016-04-04,255,9.0
2016-04-05,238,7.0
2016-04-06,278,9.0
2016-04-07,247,10.0
2016-04-08,251,13.0
2016-04-09,288,14.0
2016-04-10,249,12.0
2016-04-11,248,12.0
2016-04-12,288,13.0
2016-04-13,250,10.0
2016-04-14,247,10.0
2016-04-15,258,10.0
2016-04-16,258,10.0
2016-04-17,268,9.0
2016-04-18,249,10.0
2016-04-19,240,10.0
2016-04-20,238,10.0
2016-04-21,278,9.0
2016-04-22,273,9.0
2016-04-23,245,9.0
2016-04-24,237,8.0
2016-04-25,251,7.0
2016-04-26,238,10.0
2016-04-27,289,12.0
2016-04-28,232,10.0
2016-04-29,215,8.0
2016-04-30,229,8.0
2016-05-01,219,9.0
2016-05-02,234,8.0
2016-05-03,243,9.0
2016-05-04,251,9.0
2016-05-05,220,10.0
2016-05-06,304,10.0
2016-05-07,236,8.0
2016-05-08,276,9.0
2016-05-09,267,8.0
2016-05-10,287,8.0
2016-05-11,290,9.0
2016-05-12,257,9.0
2016-05-13,257,9.0
2016-05-14,289,9.0
2016-05-15,270,10.0
2016-05-16,271,11.0
2016-05-17,259,10.0
2016-05-18,247,11.0
2016-05-19,258,11.0
2016-05-20,252,11.0
2016-05-21,245,11.0
2016-05-22,233,14.0
2016-05-23,234,15.0
2016-05-24,229,13.0
2016-05-25,219,15.0
2016-05-26,232,14.0
2016-05-27,234,7.0
2016-05-28,225,6.0
2016-05-29,236,12.0
2016-05-30,232,10.0
2016-05-31,234,9.0
2016-06-01,234,12.0
2016-06-02,292,10.0
2016-06-03,279,10.0
2016-06-04,271,11.0
2016-06-05,247,12.0
2016-06-06,235,9.0
2016-06-07,251,10.0
2016-06-08,270,11.0
2016-06-09,258,12.0
2016-06-10,253,12.0
2016-06-11,239,12.0
2016-06-12,244,13.0
2016-06-13,241,13.0
2016-06-14,237,15.0
2016-06-15,234,18.0
2016-06-16,221,18.0
2016-06-17,260,13.0
2016-06-18,290,13.0
2016-06-19,291,13.0
2016-06-20,259,10.0
2016-06-21,255,8.0
2016-06-22,217,11.0
2016-06-23,194,13.0
2016-06-24,216,13.0
2016-06-25,222,17.0
2016-06-26,205,14.0
2016-06-27,203,17.0
2016-06-28,222,13.0
2016-06-29,209,13.0
2016-06-30,206,14.0
2016-07-01,220,21.0
2016-07-02,228,23.0
2016-07-03,243,19.0
2016-07-04,241,17.0
2016-07-05,252,15.0
2016-07-06,242,14.0
2016-07-07,245,16.0
2016-07-08,257,20.0
2016-07-09,253,24.0
2016-07-10,259,27.0
2016-07-11,257,23.0
2016-07-12,252,17.0
2016-07-13,231,16.0
2016-07-14,218,13.0
2016-07-15,212,12.0
2016-07-16,207,16.0
2016-07-17,206,14.0
2016-07-18,238,19.0
2016-07-19,241,20.0
2016-07-20,241,20.0
2016-07-21,245,19.0
2016-07-22,247,20.0
2016-07-23,241,20.0
2016-07-24,243,20.0
2016-07-25,244,20.0
2016-07-26,238,21.0
2016-07-27,240,20.0
2016-07-28,247,9.0
2016-07-29,246,9.0
2016-07-30,256,14.0
2016-07-31,264,16.0
2016-08-01,258,24.0
2016-08-02,256,27.0
2016-08-03,255,26.0
2016-08-04,254,22.0
2016-08-05,251,21.0
2016-08-06,249,24.0
2016-08-07,240,20.0
2016-08-08,232,19.0
2016-08-09,236,19.0
2016-08-10,235,20.0
2016-08-11,230,17.0
2016-08-12,248,14.0
2016-08-13,252,16.0
2016-08-14,245,17.0
2016-08-15,251,17.0
2016-08-16,243,15.0
2016-08-17,232,14.0
2016-08-18,245,13.0
2016-08-19,250,11.0
2016-08-20,244,12.0
2016-08-21,234,12.0
2016-08-22,240,12.0
2016-08-23,249,11.0
2016-08-24,265,12.0
2016-08-25,249,12.0
2016-08-26,268,9.0
2016-08-27,215,8.0
2016-08-28,220,10.0
2016-08-29,235,9.0
2016-08-30,249,9.0
2016-08-31,239,12.0
2016-09-01,216,10.0
2016-09-02,234,9.0
2016-09-03,251,9.0
2016-09-04,234,11.0
2016-09-05,232,11.0
2016-09-06,227,9.0
2016-09-07,232,8.0
2016-09-08,240,6.0
2016-09-09,236,4.0
2016-09-10,226,6.0
2016-09-11,222,6.0
2016-09-12,200,6.0
2016-09-13,204,6.0
2016-09-14,213,6.0
2016-09-15,245,4.0
2016-09-16,173,9.0
2016-09-17,240,10.0
2016-09-18,276,17.0
2016-09-19,272,13.0
2016-09-20,278,11.0
2016-09-21,288,13.0
2016-09-22,324,14.0
2016-09-23,322,13.0
2016-09-24,282,11.0
2016-09-25,311,10.0
2016-09-26,317,11.0
2016-09-27,282,10.0
2016-09-28,240,11.0
2016-09-29,320,9.0
2016-09-30,276,9.0
2016-10-01,262,6.0
2016-10-02,169,6.0
2016-10-03,162,9.0
2016-10-04,197,13.0
2016-10-05,218,10.0
2016-10-06,180,14.0
2016-10-07,180,11.0
2016-10-08,172,9.0
2016-10-09,218,7.0
2016-10-10,221,7.0
2016-10-11,243,8.0
2016-10-12,248,9.0
2016-10-13,172,10.0
2016-10-14,134,9.0
2016-10-15,172,8.0
2016-10-16,217,7.0
2016-10-17,179,7.0
2016-10-18,119,8.0
2016-10-19,148,8.0
2016-10-20,144,9.0
2016-10-21,133,10.0
2016-10-22,132,10.0
2016-10-23,219,10.0
2016-10-24,253,10.0
2016-10-25,213,11.0
2016-10-26,143,10.0
2016-10-27,161,10.0
2016-10-28,158,9.0
2016-10-29,157,8.0
2016-10-30,165,10.0
2016-10-31,171,10.0
2016-11-01,171,11.0
2016-11-02,173,11.0
2016-11-03,169,11.0
2016-11-04,155,9.0
2016-11-05,144,9.0
2016-11-06,160,9.0
2016-11-07,162,9.0
2016-11-08,159,10.0
2016-11-09,167,10.0
2016-11-10,164,9.0
2016-11-11,161,8.0
2016-11-12,120,8.0
2016-11-13,165,10.0
2016-11-14,156,9.0
2016-11-15,148,8.0
2016-11-16,166,9.0
2016-11-17,171,10.0
2016-11-18,129,10.0
2016-11-19,169,9.0
2016-11-20,169,8.0
2016-11-21,163,9.0
2016-11-22,163,8.0
2016-11-23,165,8.0
2016-11-24,126,8.0
2016-11-25,170,9.0
2016-11-26,167,9.0
2016-11-27,165,8.0
2016-11-28,197,9.0
2016-11-29,170,6.0
2016-11-30,220,8.0
2016-12-01,176,8.0
2016-12-02,122,10.0
2016-12-03,123,10.0
2016-12-04,159,10.0
2016-12-05,154,9.0
2016-12-06,156,10.0
2016-12-07,181,9.0
2016-12-08,163,9.0
2016-12-09,153,7.0
2016-12-10,182,9.0
2016-12-11,146,10.0
2016-12-12,105,12.0
2016-12-13,109,11.0
2016-12-14,83,9.0
2016-12-15,161,10.0
2016-12-16,151,9.0
2016-12-17,156,10.0
2016-12-18,143,10.0
2016-12-19,140,10.0
2016-12-20,160,10.0
2016-12-21,160,9.0
2016-12-22,184,8.0
2016-12-23,221,9.0
2016-12-24,169,8.0
2016-12-25,174,9.0
2016-12-26,149,8.0
2016-12-27,157,10.0
2016-12-28,161,9.0
2016-12-29,161,8.0
2016-12-30,160,8.0
2016-12-31,150,6.0
2017-01-01,136,7.0
2017-01-02,136,10.0
2017-01-03,161,10.0
2017-01-04,162,9.0
2017-01-05,177,9.0
2017-01-06,292,10.0
2017-01-07,215,8.0
2017-01-08,183,8.0
2017-01-09,172,11.0
2017-01-10,176,12.0
2017-01-11,138,13.0
2017-01-12,182,11.0
2017-01-13,148,9.0
2017-01-14,159,9.0
2017-01-15,218,9.0
2017-01-16,172,9.0
2017-01-17,131,12.0
2017-01-18,133,12.0
2017-01-19,153,10.0
2017-01-20,154,9.0
2017-01-21,162,10.0
2017-01-22,150,9.0
2017-01-23,157,9.0
2017-01-24,151,8.0
2017-01-25,153,8.0
2017-01-26,214,12.0
2017-01-27,132,15.0
2017-01-28,155,12.0
2017-01-29,154,11.0
2017-01-30,174,9.0
2017-01-31,217,11.0
2017-02-01,127,11.0
2017-02-02,130,9.0
2017-02-03,280,8.0
2017-02-04,328,11.0
2017-02-05,295,13.0
2017-02-06,257,13.0
2017-02-07,170,11.0
2017-02-08,249,11.0
2017-02-09,215,13.0
2017-02-10,213,11.0
2017-02-11,274,8.0
2017-02-12,216,11.0
2017-02-13,150,9.0
2017-02-14,158,10.0
2017-02-15,165,9.0
2017-02-16,161,10.0
2017-02-17,155,8.0
2017-02-18,163,9.0
2017-02-19,194,9.0
2017-02-20,235,10.0
2017-02-21,302,9.0
2017-02-22,246,9.0
2017-02-23,217,12.0
2017-02-24,181,13.0
2017-02-25,153,13.0
2017-02-26,161,10.0
2017-02-27,180,7.0
2017-02-28,131,9.0
2017-03-01,169,10.0
2017-03-02,292,13.0
2017-03-03,286,9.0
2017-03-04,271,8.0
2017-03-05,248,9.0
2017-03-06,265,8.0
2017-03-07,251,7.0
2017-03-08,250,9.0
2017-03-09,235,10.0
2017-03-10,280,12.0
2017-03-11,305,10.0
2017-03-12,137,11.0
2017-03-13,176,10.0
2017-03-14,155,8.0
2017-03-15,231,7.0
2017-03-16,208,7.0
2017-03-17,275,8.0
2017-03-18,246,10.0
2017-03-19,231,10.0
2017-03-20,248,9.0
2017-03-21,266,9.0
2017-03-22,323,11.0
2017-03-23,283,11.0
2017-03-24,322,10.0
2017-03-25,236,11.0
2017-03-26,239,11.0
2017-03-27,244,12.0
2017-03-28,173,8.0
2017-03-29,195,10.0
2017-03-30,210,9.0
2017-03-31,206,8.0
2017-04-01,261,6.0
2017-04-02,222,8.0
2017-04-03,200,8.0
2017-04-04,214,8.0
2017-04-05,209,10.0
2017-04-06,234,10.0
2017-04-07,315,11.0
2017-04-08,244,11.0
2017-04-09,245,12.0
2017-04-10,239,9.0
2017-04-11,236,10.0
2017-04-12,221,7.0
2017-04-13,203,9.0
2017-04-14,203,9.0
2017-04-15,232,9.0
2017-04-16,262,9.0
2017-04-17,277,8.0
2017-04-18,236,12.0
2017-04-19,246,10.0
2017-04-20,238,9.0
2017-04-21,206,11.0
2017-04-22,214,11.0
2017-04-23,222,10.0
2017-04-24,242,8.0
2017-04-25,266,9.0
2017-04-26,224,10.0
2017-04-27,234,11.0
2017-04-28,224,12.0
2017-04-29,272,10.0
2017-04-30,228,8.0
2017-05-01,226,9.0
2017-05-02,207,8.0
2017-05-03,265,9.0
2017-05-04,245,8.0
2017-05-05,233,9.0
2017-05-06,219,10.0
2017-05-07,234,10.0
2017-05-08,223,9.0
2017-05-09,238,10.0
2017-05-10,240,8.0
2017-05-11,238,10.0
2017-05-12,224,10.0
2017-05-13,204,9.0
2017-05-14,236,9.0
2017-05-15,230,10.0
2017-05-16,242,9.0
2017-05-17,236,10.0
2017-05-18,245,9.0
2017-05-19,246,9.0
2017-05-20,255,9.0
2017-05-21,278,9.0
2017-05-22,311,12.0
2017-05-23,317,12.0
2017-05-24,293,10.0
2017-05-25,279,10.0
2017-05-26,251,10.0
2017-05-27,242,12.0
2017-05-28,227,14.0
2017-05-29,230,17.0
2017-05-30,242,19.0
2017-05-31,225,12.0
2017-06-01,198,11.0
2017-06-02,189,10.0
2017-06-03,185,15.0
2017-06-04,190,15.0
2017-06-05,200,15.0
2017-06-06,195,13.0
2017-06-07,199,14.0
2017-06-08,216,11.0
2017-06-09,228,10.0
2017-06-10,251,9.0
2017-06-11,209,7.0
2017-06-12,202,10.0
2017-06-13,208,9.0
2017-06-14,199,11.0
2017-06-15,201,9.0
2017-06-16,200,11.0
2017-06-17,211,10.0
2017-06-18,228,10.0
2017-06-19,225,12.0
2017-06-20,225,15.0
2017-06-21,219,20.0
2017-06-22,227,18.0
2017-06-23,241,16.0
2017-06-24,247,16.0
2017-06-25,213,14.0
2017-06-26,225,18.0
2017-06-27,212,25.0
2017-06-28,223,30.0
2017-06-29,222,28.0
2017-06-30,236,27.0
2017-07-01,246,25.0
2017-07-02,240,23.0
2017-07-03,241,18.0
2017-07-04,241,18.0
2017-07-05,241,17.0
2017-07-06,232,15.0
2017-07-07,232,13.0
2017-07-08,226,9.0
2017-07-09,226,8.0
2017-07-10,220,10.0
2017-07-11,248,15.0
2017-07-12,241,18.0
2017-07-13,262,19.0
2017-07-14,260,24.0
2017-07-15,255,24.0
2017-07-16,247,20.0
2017-07-17,235,19.0
2017-07-18,234,18.0
2017-07-19,230,18.0
2017-07-20,233,30.0
2017-07-21,245,30.0
2017-07-22,248,29.0
2017-07-23,248,28.0
2017-07-24,246,28.0
2017-07-25,246,24.0
2017-07-26,248,23.0
2017-07-27,252,21.0
2017-07-28,252,18.0
2017-07-29,235,19.0
2017-07-30,231,16.0
2017-07-31,229,16.0
2017-08-01,229,17.0
2017-08-02,220,18.0
2017-08-03,234,20.0
2017-08-04,246,18.0
2017-08-05,241,12.0
2017-08-06,243,9.0
2017-08-07,232,9.0
2017-08-08,239,9.0
2017-08-09,224,12.0
2017-08-10,228,14.0
2017-08-11,240,13.0
2017-08-12,236,17.0
2017-08-13,228,18.0
2017-08-14,220,12.0
2017-08-15,228,10.0
2017-08-16,255,10.0
2017-08-17,281,11.0
2017-08-18,286,11.0
2017-08-19,300,8.0
2017-08-20,263,12.0
2017-08-21,225,13.0
2017-08-22,209,14.0
2017-08-23,228,11.0
2017-08-24,269,12.0
2017-08-25,278,17.0
2017-08-26,280,16.0
2017-08-27,284,14.0
2017-08-28,282,10.0
2017-08-29,267,28.0
2017-08-30,229,21.0
2017-08-31,202,18.0
2017-09-01,198,15.0
2017-09-02,204,14.0
2017-09-03,225,9.0
2017-09-04,242,8.0
2017-09-05,236,6.0
2017-09-06,262,7.0
2017-09-07,209,12.0
2017-09-08,289,12.0
2017-09-09,328,11.0
2017-09-10,306,8.0
2017-09-11,255,9.0
2017-09-12,182,4.0
2017-09-13,201,5.0
2017-09-14,230,6.0
2017-09-15,244,6.0
2017-09-16,245,8.0
2017-09-17,196,11.0
2017-09-18,191,11.0
2017-09-19,238,18.0
2017-09-20,280,17.0
2017-09-21,212,8.0
2017-09-22,209,8.0
2017-09-23,242,8.0
2017-09-24,215,8.0
2017-09-25,248,10.0
2017-09-26,291,10.0
2017-09-27,249,11.0
2017-09-28,287,12.0
2017-09-29,327,12.0
2017-09-30,289,9.0
2017-10-01,234,9.0
2017-10-02,288,8.0
2017-10-03,243,10.0
2017-10-04,226,9.0
2017-10-05,194,9.0
2017-10-06,102,3.0
2017-10-07,151,6.0
2017-10-08,172,6.0
2017-10-09,184,7.0
2017-10-10,188,7.0
2017-10-11,167,11.0
2017-10-12,184,10.0
2017-10-13,208,6.0
2017-10-14,221,5.0
2017-10-15,219,5.0
2017-10-16,211,5.0
2017-10-17,264,7.0
2017-10-18,134,9.0
2017-10-19,151,7.0
2017-10-20,163,7.0
2017-10-21,188,11.0
2017-10-22,202,8.0
2017-10-23,201,7.0
2017-10-24,109,11.0
2017-10-25,120,9.0
2017-10-26,141,8.0
2017-10-27,201,7.0
2017-10-28,149,8.0
2017-10-29,133,7.0
2017-10-30,130,9.0
2017-10-31,130,9.0
2017-11-01,129,10.0
2017-11-02,132,11.0
2017-11-03,46,12.0
2017-11-04,53,11.0
2017-11-05,134,12.0
2017-11-06,126,10.0
2017-11-07,149,8.0
2017-11-08,156,9.0
2017-11-09,159,9.0
2017-11-10,162,10.0
2017-11-11,126,10.0
2017-11-12,163,9.0
2017-11-13,155,7.0
2017-11-14,146,8.0
2017-11-15,99,9.0
2017-11-16,149,10.0
2017-11-17,148,10.0
2017-11-18,112,10.0
2017-11-19,147,12.0
2017-11-20,21,10.0
2017-11-21,152,8.0
2017-11-22,144,11.0
2017-11-23,138,10.0
2017-11-24,181,9.0
2017-11-25,143,10.0
2017-11-26,154,10.0
2017-11-27,158,8.0
2017-11-28,150,8.0
2017-11-29,156,8.0
2017-11-30,122,10.0
2017-12-01,89,10.0
2017-12-02,132,11.0
2017-12-03,170,10.0
2017-12-04,112,13.0
2017-12-05,99,13.0
2017-12-06,257,8.0
2017-12-07,253,9.0
2017-12-08,214,8.0
2017-12-09,214,6.0
2017-12-10,214,8.0
2017-12-11,329,10.0
2017-12-12,246,10.0
2017-12-13,251,9.0
2017-12-14,178,9.0
2017-12-15,135,10.0
2017-12-16,152,10.0
2017-12-17,135,10.0
2017-12-18,45,9.0
2017-12-19,141,10.0
2017-12-20,99,10.0
2017-12-21,129,9.0
2017-12-22,93,10.0
2017-12-23,162,9.0
2017-12-24,184,9.0
2017-12-25,140,11.0
2017-12-26,172,10.0
2017-12-27,164,10.0
2017-12-28,155,8.0
2017-12-29,155,7.0
2017-12-30,186,8.0
2017-12-31,146,8.0
2018-01-01,220,9.0
2018-01-02,134,9.0
2018-01-03,142,8.0
2018-01-04,174,9.0
2018-01-05,135,10.0
2018-01-06,135,10.0
2018-01-07,178,12.0
2018-01-08,213,9.0
2018-01-09,142,8.0
2018-01-10,159,8.0
2018-01-11,150,8.0
2018-01-12,143,7.0
2018-01-13,135,8.0
2018-01-14,132,7.0
2018-01-15,135,8.0
2018-01-16,147,8.0
2018-01-17,135,9.0
2018-01-18,145,11.0
2018-01-19,176,12.0
2018-01-20,124,8.0
2018-01-21,135,9.0
2018-01-22,198,8.0
2018-01-23,251,11.0
2018-01-24,132,11.0
2018-01-25,181,10.0
2018-01-26,138,10.0
2018-01-27,171,9.0
2018-01-28,214,10.0
2018-01-29,133,10.0
2018-01-30,158,9.0
2018-01-31,198,8.0
2018-02-01,129,8.0
2018-02-02,175,10.0
2018-02-03,215,10.0
2018-02-04,204,9.0
2018-02-05,152,7.0
2018-02-06,154,8.0
2018-02-07,182,7.0
2018-02-08,202,7.0
2018-02-09,201,7.0
2018-02-10,242,9.0
2018-02-11,240,12.0
2018-02-12,251,10.0
2018-02-13,130,12.0
2018-02-14,113,11.0
2018-02-15,159,12.0
2018-02-16,137,10.0
2018-02-17,301,10.0
2018-02-18,175,10.0
2018-02-19,170,10.0
2018-02-20,252,9.0
2018-02-21,258,11.0
2018-02-22,233,10.0
2018-02-23,241,8.0
2018-02-24,216,10.0
2018-02-25,142,10.0
2018-02-26,168,8.0
2018-02-27,154,7.0
2018-02-28,141,8.0
2018-03-01,212,6.0
2018-03-02,212,8.0
2018-03-03,221,8.0
2018-03-04,243,9.0
2018-03-05,295,12.0
2018-03-06,294,12.0
2018-03-07,308,11.0
2018-03-08,321,10.0
2018-03-09,245,14.0
2018-03-10,292,12.0
2018-03-11,300,13.0
2018-03-12,169,13.0
2018-03-13,295,14.0
2018-03-14,253,16.0
2018-03-15,240,8.0
2018-03-16,219,9.0
2018-03-17,238,9.0
2018-03-18,273,9.0
2018-03-19,314,10.0
2018-03-20,322,11.0
2018-03-21,237,13.0
2018-03-22,233,12.0
2018-03-23,228,9.0
2018-03-24,238,9.0
2018-03-25,185,8.0
2018-03-26,198,10.0
2018-03-27,224,9.0
2018-03-28,222,9.0
2018-03-29,242,8.0
2018-03-30,228,8.0
2018-03-31,240,9.0
2018-04-01,234,10.0
2018-04-02,265,11.0
2018-04-03,309,10.0
2018-04-04,307,11.0
2018-04-05,295,9.0
2018-04-06,285,9.0
2018-04-07,223,9.0
2018-04-08,231,7.0
2018-04-09,232,10.0
2018-04-10,226,10.0
2018-04-11,203,8.0
2018-04-12,264,9.0
2018-04-13,233,10.0
2018-04-14,261,9.0
2018-04-15,244,9.0
2018-04-16,264,11.0
2018-04-17,256,7.0
2018-04-18,249,9.0
2018-04-19,224,9.0
2018-04-20,263,9.0
2018-04-21,271,10.0
2018-04-22,318,12.0
2018-04-23,209,9.0
2018-04-24,235,9.0
2018-04-25,296,10.0
2018-04-26,303,11.0
2018-04-27,303,10.0
2018-04-28,289,10.0
2018-04-29,248,10.0
2018-04-30,280,11.0
2018-05-01,262,10.0
2018-05-02,271,10.0
2018-05-03,215,8.0
2018-05-04,261,10.0
2018-05-05,264,10.0
2018-05-06,267,10.0
2018-05-07,249,11.0
2018-05-08,222,12.0
2018-05-09,231,13.0
2018-05-10,260,11.0
2018-05-11,241,12.0
2018-05-12,240,11.0
2018-05-13,259,10.0
2018-05-14,255,11.0
2018-05-15,273,11.0
2018-05-16,297,11.0
2018-05-17,260,11.0
2018-05-18,229,13.0
2018-05-19,231,11.0
2018-05-20,237,11.0
2018-05-21,246,10.0
2018-05-22,236,10.0
2018-05-23,258,9.0
2018-05-24,248,13.0
2018-05-25,297,11.0
2018-05-26,304,14.0
2018-05-27,290,12.0
2018-05-28,276,13.0
2018-05-29,263,15.0
2018-05-30,245,14.0
2018-05-31,248,12.0
2018-06-01,228,8.0
2018-06-02,247,11.0
2018-06-03,256,10.0
2018-06-04,248,10.0
2018-06-05,243,9.0
2018-06-06,274,12.0
2018-06-07,262,10.0
2018-06-08,269,12.0
2018-06-09,244,19.0
2018-06-10,243,22.0
2018-06-11,251,25.0
2018-06-12,241,21.0
2018-06-13,233,20.0
2018-06-14,235,18.0
2018-06-15,218,19.0
2018-06-16,206,21.0
2018-06-17,221,21.0
2018-06-18,194,16.0
2018-06-19,226,12.0
2018-06-20,298,14.0
2018-06-21,285,17.0
2018-06-22,260,13.0
2018-06-23,249,14.0
2018-06-24,232,20.0
2018-06-25,252,21.0
2018-06-26,239,25.0
2018-06-27,229,22.0
2018-06-28,212,18.0
2018-06-29,191,20.0
2018-06-30,190,19.0
2018-07-01,190,19.0
2018-07-02,207,22.0
2018-07-03,218,23.0
2018-07-04,226,27.0
2018-07-05,241,20.0
2018-07-06,261,16.0
2018-07-07,274,13.0
2018-07-08,250,10.0
2018-07-09,235,11.0
2018-07-10,252,19.0
2018-07-11,255,24.0
2018-07-12,254,24.0
2018-07-13,244,20.0
2018-07-14,249,24.0
2018-07-15,256,29.0
2018-07-16,261,29.0
2018-07-17,251,28.0
2018-07-18,246,24.0
2018-07-19,247,22.0
2018-07-20,245,24.0
2018-07-21,247,26.0
2018-07-22,248,24.0
2018-07-23,244,24.0
2018-07-24,240,23.0
2018-07-25,238,21.0
2018-07-26,232,25.0
2018-07-27,225,25.0
2018-07-28,231,20.0
2018-07-29,230,18.0
2018-07-30,233,19.0
2018-07-31,234,19.0
2018-08-01,240,21.0
2018-08-02,241,21.0
2018-08-03,240,23.0
2018-08-04,248,23.0
2018-08-05,246,24.0
2018-08-06,242,26.0
2018-08-07,242,24.0
2018-08-08,242,22.0
2018-08-09,248,22.0
2018-08-10,256,20.0
2018-08-11,256,24.0
2018-08-12,242,28.0
2018-08-13,243,27.0
2018-08-14,254,21.0
2018-08-15,262,20.0
2018-08-16,279,25.0
2018-08-17,265,26.0
2018-08-18,255,23.0
2018-08-19,261,23.0
2018-08-20,259,19.0
2018-08-21,251,20.0
2018-08-22,248,20.0
2018-08-23,244,19.0
2018-08-24,236,18.0
2018-08-25,240,21.0
2018-08-26,242,21.0
2018-08-27,257,16.0
2018-08-28,238,9.0
2018-08-29,239,11.0
2018-08-30,260,13.0
2018-08-31,242,12.0
2018-09-01,231,13.0
2018-09-02,241,16.0
2018-09-03,251,17.0
2018-09-04,257,17.0
2018-09-05,266,14.0
2018-09-06,263,10.0
2018-09-07,251,9.0
2018-09-08,229,11.0
2018-09-09,193,11.0
2018-09-10,229,9.0
2018-09-11,245,8.0
2018-09-12,258,8.0
2018-09-13,225,9.0
2018-09-14,196,9.0
2018-09-15,206,7.0
2018-09-16,251,9.0
2018-09-17,239,9.0
2018-09-18,240,7.0
2018-09-19,296,8.0
2018-09-20,285,11.0
2018-09-21,307,11.0
2018-09-22,224,13.0
2018-09-23,212,11.0
2018-09-24,242,7.0
2018-09-25,243,7.0
2018-09-26,246,9.0
2018-09-27,261,9.0
2018-09-28,183,8.0
2018-09-29,152,9.0
2018-09-30,152,9.0
2018-10-01,133,8.0
2018-10-02,170,5.0
2018-10-03,203,6.0
2018-10-04,151,7.0
2018-10-05,162,8.0
2018-10-06,173,8.0
2018-10-07,161,9.0
2018-10-08,175,6.0
2018-10-09,206,6.0
2018-10-10,194,7.0
2018-10-11,204,7.0
2018-10-12,262,6.0
2018-10-13,159,6.0
2018-10-14,168,6.0
2018-10-15,148,7.0
2018-10-16,154,7.0
2018-10-17,189,7.0
2018-10-18,202,6.0
2018-10-19,160,7.0
2018-10-20,150,7.0
2018-10-21,193,6.0
2018-10-22,147,7.0
2018-10-23,149,9.0
2018-10-24,147,9.0
2018-10-25,160,6.0
2018-10-26,133,9.0
2018-10-27,170,8.0
2018-10-28,126,11.0
2018-10-29,146,11.0
2018-10-30,132,11.0
2018-10-31,132,11.0
2018-11-01,120,10.0
2018-11-02,164,9.0
2018-11-03,146,8.0
2018-11-04,194,6.0
2018-11-05,188,6.0
2018-11-06,233,9.0
2018-11-07,112,11.0
2018-11-08,145,8.0
2018-11-09,159,7.0
2018-11-10,138,9.0
2018-11-11,143,9.0
2018-11-12,144,8.0
2018-11-13,172,7.0
2018-11-14,171,8.0
2018-11-15,152,9.0
2018-11-16,167,11.0
2018-11-17,152,10.0
2018-11-18,137,6.0
2018-11-19,147,6.0
2018-11-20,147,6.0
2018-11-21,183,8.0
2018-11-22,124,8.0
2018-11-23,179,9.0
2018-11-24,169,10.0
2018-11-25,140,6.0
2018-11-26,158,8.0
2018-11-27,159,8.0
2018-11-28,164,7.0
2018-11-29,132,8.0
2018-11-30,127,9.0
2018-12-01,126,9.0
2018-12-02,159,8.0
2018-12-03,154,7.0
2018-12-04,154,8.0
2018-12-05,139,9.0
2018-12-06,140,9.0
2018-12-07,176,9.0
2018-12-08,175,10.0
2018-12-09,173,11.0
2018-12-10,130,12.0
2018-12-11,178,11.0
2018-12-12,136,10.0
2018-12-13,146,17.0
2018-12-14,43,16.0
2018-12-15,60,15.0
2018-12-16,133,13.0
2018-12-17,172,12.0
2018-12-18,170,12.0
2018-12-19,172,10.0
2018-12-20,152,10.0
2018-12-21,144,9.0
2018-12-22,145,9.0
2018-12-23,139,9.0
2018-12-24,143,8.0
2018-12-25,178,9.0
2018-12-26,177,16.0
2018-12-27,98,16.0
2018-12-28,125,12.0
2018-12-29,127,12.0
2018-12-30,129,10.0
2018-12-31,167,10.0
2019-01-01,148,10.0
2019-01-02,141,12.0
2019-01-03,135,12.0
2019-01-04,139,9.0
2019-01-05,175,10.0
2019-01-06,136,16.0
2019-01-07,148,15.0
2019-01-08,151,13.0
2019-01-09,133,13.0
2019-01-10,138,11.0
2019-01-11,175,11.0
2019-01-12,169,12.0
2019-01-13,133,16.0
2019-01-14,143,14.0
2019-01-15,157,13.0
2019-01-16,142,11.0
2019-01-17,136,13.0
2019-01-18,130,12.0
2019-01-19,151,9.0
2019-01-20,167,10.0
2019-01-21,172,12.0
2019-01-22,224,9.0
2019-01-23,250,14.0
2019-01-24,173,19.0
2019-01-25,165,24.0
2019-01-26,140,26.0
2019-01-27,104,21.0
2019-01-28,153,19.0
2019-01-29,156,16.0
2019-01-30,148,12.0
2019-01-31,174,12.0
2019-02-01,215,12.0
2019-02-02,169,13.0
2019-02-03,135,10.0
2019-02-04,140,11.0
2019-02-05,166,10.0
2019-02-06,253,12.0
2019-02-07,320,17.0
2019-02-08,292,15.0
2019-02-09,168,18.0
2019-02-10,153,12.0
2019-02-11,136,12.0
2019-02-12,137,11.0
2019-02-13,266,14.0
2019-02-14,292,17.0
2019-02-15,332,14.0
2019-02-16,242,13.0
2019-02-17,175,11.0
2019-02-18,208,12.0
2019-02-19,254,12.0
2019-02-20,200,9.0
2019-02-21,242,11.0
2019-02-22,282,15.0
2019-02-23,138,14.0
2019-02-24,301,16.0
2019-02-25,250,15.0
2019-02-26,244,16.0
2019-02-27,242,10.0
2019-02-28,213,14.0
2019-03-01,200,11.0
2019-03-02,143,8.0
2019-03-03,267,12.0
2019-03-04,310,11.0
2019-03-05,290,10.0
2019-03-06,280,14.0
2019-03-07,292,14.0
2019-03-08,294,15.0
2019-03-09,250,14.0
2019-03-10,279,13.0
2019-03-11,282,14.0
2019-03-12,279,14.0
2019-03-13,331,15.0
2019-03-14,337,19.0
2019-03-15,253,18.0
2019-03-16,278,13.0
2019-03-17,233,10.0
2019-03-18,207,14.0
2019-03-19,247,12.0
2019-03-20,317,11.0
2019-03-21,277,13.0
2019-03-22,292,14.0
2019-03-23,293,15.0
2019-03-24,297,15.0
2019-03-25,242,17.0
2019-03-26,131,17.0
2019-03-27,252,9.0
2019-03-28,252,10.0
2019-03-29,249,14.0
2019-03-30,275,10.0
2019-03-31,235,11.0
2019-04-01,276,10.0
2019-04-02,238,10.0
2019-04-03,249,12.0
2019-04-04,259,11.0
2019-04-05,220,12.0
2019-04-06,253,10.0
2019-04-07,242,10.0
2019-04-08,237,11.0
2019-04-09,235,10.0
2019-04-10,226,13.0
2019-04-11,248,12.0
2019-04-12,277,12.0
2019-04-13,291,16.0
2019-04-14,292,11.0
2019-04-15,228,10.0
2019-04-16,237,12.0
2019-04-17,318,16.0
2019-04-18,286,17.0
2019-04-19,245,15.0
2019-04-20,229,10.0
2019-04-21,254,11.0
2019-04-22,272,12.0
2019-04-23,238,15.0
2019-04-24,319,15.0
2019-04-25,319,16.0
2019-04-26,288,15.0
2019-04-27,259,12.0
2019-04-28,251,14.0
2019-04-29,248,13.0
2019-04-30,232,12.0
2019-05-01,233,10.0
2019-05-02,235,13.0
2019-05-03,224,14.0
2019-05-04,232,15.0
2019-05-05,246,12.0
2019-05-06,268,14.0
2019-05-07,283,13.0
2019-05-08,268,14.0
2019-05-09,271,13.0
2019-05-10,289,13.0
2019-05-11,306,14.0
2019-05-12,304,14.0
2019-05-13,298,13.0
2019-05-14,294,13.0
2019-05-15,302,13.0
2019-05-16,309,13.0
2019-05-17,315,15.0
2019-05-18,331,18.0
2019-05-19,328,18.0
2019-05-20,239,19.0
2019-05-21,277,16.0
2019-05-22,285,14.0
2019-05-23,302,14.0
2019-05-24,293,12.0
2019-05-25,288,14.0
2019-05-26,273,12.0
2019-05-27,268,12.0
2019-05-28,292,14.0
2019-05-29,282,12.0
2019-05-30,255,12.0
2019-05-31,270,12.0
2019-06-01,235,16.0
2019-06-02,247,14.0
2019-06-03,239,16.0
2019-06-04,253,15.0
2019-06-05,267,14.0
2019-06-06,264,12.0
2019-06-07,261,14.0
2019-06-08,255,14.0
2019-06-09,243,15.0
2019-06-10,225,12.0
2019-06-11,201,15.0
2019-06-12,146,37.0
2019-06-13,194,37.0
2019-06-14,188,34.0
2019-06-15,185,33.0
2019-06-16,191,28.0
2019-06-17,200,29.0
2019-06-18,209,27.0
2019-06-19,235,21.0
2019-06-20,237,12.0
2019-06-21,243,14.0
2019-06-22,253,12.0
2019-06-23,261,12.0
2019-06-24,212,11.0
2019-06-25,210,14.0
2019-06-26,198,15.0
2019-06-27,247,17.0
2019-06-28,254,25.0
2019-06-29,261,25.0
2019-06-30,287,17.0
2019-07-01,254,17.0
2019-07-02,258,12.0
2019-07-03,199,13.0
2019-07-04,243,21.0
2019-07-05,250,30.0
2019-07-06,241,35.0
2019-07-07,245,35.0
2019-07-08,246,30.0
2019-07-09,238,29.0
2019-07-10,249,29.0
2019-07-11,242,28.0
2019-07-12,227,25.0
2019-07-13,229,25.0
2019-07-14,250,27.0
2019-07-15,247,27.0
2019-07-16,245,25.0
2019-07-17,255,21.0
2019-07-18,254,15.0
2019-07-19,244,12.0
2019-07-20,280,10.0
2019-07-21,283,10.0
2019-07-22,241,15.0
2019-07-23,251,20.0
2019-07-24,256,25.0
2019-07-25,260,27.0
2019-07-26,257,31.0
2019-07-27,260,34.0
2019-07-28,263,36.0
2019-07-29,266,37.0
2019-07-30,257,35.0
2019-07-31,257,36.0
2019-08-01,256,36.0
2019-08-02,251,38.0
2019-08-03,242,44.0
2019-08-04,262,36.0
2019-08-05,265,36.0
2019-08-06,255,36.0
2019-08-07,259,38.0
2019-08-08,255,38.0
2019-08-09,249,43.0
2019-08-10,240,45.0
2019-08-11,239,35.0
2019-08-12,248,25.0
2019-08-13,257,23.0
2019-08-14,260,24.0
2019-08-15,252,28.0
2019-08-16,247,31.0
2019-08-17,234,25.0
2019-08-18,248,20.0
2019-08-19,238,15.0
2019-08-20,255,12.0
2019-08-21,272,18.0
2019-08-22,269,17.0
2019-08-23,241,12.0
2019-08-24,248,14.0
2019-08-25,239,15.0
2019-08-26,240,17.0
2019-08-27,234,21.0
2019-08-28,210,21.0
2019-08-29,209,16.0
2019-08-30,244,17.0
2019-08-31,240,24.0
2019-09-01,241,23.0
2019-09-02,233,22.0
2019-09-03,237,26.0
2019-09-04,253,24.0
2019-09-05,251,26.0
2019-09-06,240,33.0
2019-09-07,243,31.0
2019-09-08,248,26.0
2019-09-09,255,32.0
2019-09-10,240,26.0
2019-09-11,248,20.0
2019-09-12,254,23.0
2019-09-13,263,22.0
2019-09-14,278,20.0
2019-09-15,289,16.0
2019-09-16,277,19.0
2019-09-17,293,19.0
2019-09-18,313,13.0
2019-09-19,298,13.0
2019-09-20,171,25.0
2019-09-21,182,23.0
2019-09-22,175,24.0
2019-09-23,189,18.0
2019-09-24,283,10.0
2019-09-25,227,8.0
2019-09-26,144,9.0
2019-09-27,189,21.0
2019-09-28,201,25.0
2019-09-29,195,21.0
2019-09-30,212,17.0
2019-10-01,239,13.0
2019-10-02,276,9.0
2019-10-03,303,8.0
2019-10-04,252,13.0
2019-10-05,294,13.0
2019-10-06,168,8.0
2019-10-07,202,10.0
2019-10-08,146,11.0
2019-10-09,163,11.0
2019-10-10,153,10.0
2019-10-11,150,10.0
2019-10-12,189,9.0
2019-10-13,172,11.0
2019-10-14,167,12.0
2019-10-15,65,13.0
2019-10-16,101,12.0
2019-10-17,141,12.0
2019-10-18,170,10.0
2019-10-19,94,11.0
2019-10-20,44,16.0
2019-10-21,74,10.0
2019-10-22,138,11.0
2019-10-23,127,11.0
2019-10-24,58,14.0
2019-10-25,80,17.0
2019-10-26,137,11.0
2019-10-27,162,15.0
2019-10-28,167,12.0
2019-10-29,169,8.0
2019-10-30,157,7.0
2019-10-31,132,7.0
2019-11-01,140,13.0
2019-11-02,163,14.0
2019-11-03,178,11.0
2019-11-04,221,10.0
2019-11-05,147,9.0
2019-11-06,196,9.0
2019-11-07,205,23.0
2019-11-08,197,20.0
2019-11-09,184,11.0
2019-11-10,147,9.0
2019-11-11,147,8.0
2019-11-12,151,9.0
2019-11-13,167,9.0
2019-11-14,152,11.0
2019-11-15,149,10.0
2019-11-16,145,10.0
2019-11-17,160,11.0
2019-11-18,165,10.0
2019-11-19,166,11.0
2019-11-20,157,9.0
2019-11-21,143,10.0
2019-11-22,149,11.0
2019-11-23,155,9.0
2019-11-24,139,10.0
2019-11-25,140,9.0
2019-11-26,126,9.0
2019-11-27,155,10.0
2019-11-28,165,12.0
2019-11-29,125,12.0
2019-11-30,144,10.0
2019-12-01,142,9.0
2019-12-02,146,10.0
2019-12-03,144,12.0
2019-12-04,161,12.0
2019-12-05,99,10.0
2019-12-06,171,12.0
2019-12-07,167,13.0
2019-12-08,165,12.0
2019-12-09,188,10.0
2019-12-10,206,10.0
2019-12-11,175,10.0
2019-12-12,208,12.0
2019-12-13,204,13.0
2019-12-14,133,15.0
2019-12-15,134,14.0
2019-12-16,176,13.0
2019-12-17,156,12.0
2019-12-18,150,10.0
2019-12-19,147,12.0
2019-12-20,141,11.0
2019-12-21,153,10.0
2019-12-22,136,11.0
2019-12-23,150,8.0
2019-12-24,145,9.0
2019-12-25,141,14.0
2019-12-26,182,13.0
2019-12-27,144,12.0
2019-12-28,171,12.0
2019-12-29,166,12.0
2019-12-30,236,13.0
2019-12-31,207,13.0
2020-01-01,187,9.0
2020-01-02,257,12.0
2020-01-03,163,17.0
2020-01-04,178,20.0
2020-01-05,157,14.0
2020-01-06,156,14.0
2020-01-07,147,12.0
2020-01-08,275,11.0
2020-01-09,150,20.0
2020-01-10,163,12.0
2020-01-11,152,13.0
2020-01-12,159,10.0
2020-01-13,250,13.0
2020-01-14,261,14.0
2020-01-15,188,14.0
2020-01-16,309,16.0
2020-01-17,165,20.0
2020-01-18,138,15.0
2020-01-19,138,13.0
2020-01-20,189,9.0
2020-01-21,166,10.0
2020-01-22,137,12.0
2020-01-23,141,14.0
2020-01-24,147,13.0
2020-01-25,138,14.0
2020-01-26,175,11.0
2020-01-27,208,11.0
2020-01-28,285,13.0
2020-01-29,322,16.0
2020-01-30,129,14.0
2020-01-31,188,15.0
2020-02-01,131,16.0
2020-02-02,159,10.0
2020-02-03,182,8.0
2020-02-04,231,10.0
2020-02-05,218,19.0
2020-02-06,203,13.0
2020-02-07,244,16.0
2020-02-08,150,15.0
2020-02-09,175,16.0
2020-02-10,168,13.0
2020-02-11,180,12.0
2020-02-12,140,11.0
2020-02-13,154,10.0
2020-02-14,181,16.0
2020-02-15,174,13.0
2020-02-16,225,12.0
2020-02-17,198,8.0
2020-02-18,146,8.0
2020-02-19,203,9.0
2020-02-20,177,12.0
2020-02-21,199,12.0
2020-02-22,178,12.0
2020-02-23,179,11.0
2020-02-24,220,15.0
2020-02-25,139,16.0
2020-02-26,144,13.0
2020-02-27,152,11.0
2020-02-28,199,9.0
2020-02-29,190,10.0
2020-03-01,182,14.0
2020-03-02,202,13.0
2020-03-03,221,11.0
2020-03-04,253,10.0
2020-03-05,236,12.0
2020-03-06,268,13.0
2020-03-07,273,13.0
2020-03-08,204,13.0
2020-03-09,220,10.0
2020-03-10,277,10.0
2020-03-11,292,13.0
2020-03-12,301,12.0
2020-03-13,259,19.0
2020-03-14,209,19.0
2020-03-15,180,10.0
2020-03-16,173,10.0
2020-03-17,220,8.0
2020-03-18,150,11.0
2020-03-19,226,12.0
2020-03-20,259,10.0
2020-03-21,262,11.0
2020-03-22,210,14.0
2020-03-23,244,13.0
2020-03-24,233,10.0
2020-03-25,174,9.0
2020-03-26,222,9.0
2020-03-27,254,12.0
2020-03-28,255,22.0
2020-03-29,252,17.0
2020-03-30,308,13.0
2020-03-31,325,15.0
2020-04-01,291,16.0
2020-04-02,254,18.0
2020-04-03,233,14.0
2020-04-04,233,13.0
2020-04-05,215,12.0
2020-04-06,233,10.0
2020-04-07,250,12.0
2020-04-08,308,13.0
2020-04-09,268,12.0
2020-04-10,210,14.0
2020-04-11,280,14.0
2020-04-12,262,12.0
2020-04-13,218,10.0
2020-04-14,238,14.0
2020-04-15,218,12.0
2020-04-16,214,13.0
2020-04-17,215,13.0
2020-04-18,255,12.0
2020-04-19,270,14.0
2020-04-20,205,18.0
2020-04-21,187,13.0
2020-04-22,304,15.0
2020-04-23,243,12.0
2020-04-24,297,13.0
2020-04-25,292,13.0
2020-04-26,302,13.0
2020-04-27,255,13.0
2020-04-28,266,15.0
2020-04-29,273,14.0
2020-04-30,230,13.0
2020-05-01,271,14.0
2020-05-02,301,15.0
2020-05-03,322,17.0
2020-05-04,229,18.0
2020-05-05,272,15.0
2020-05-06,248,14.0
2020-05-07,215,12.0
2020-05-08,273,12.0
2020-05-09,257,13.0
2020-05-10,273,13.0
2020-05-11,246,15.0
2020-05-12,245,16.0
2020-05-13,276,15.0
2020-05-14,279,14.0
2020-05-15,327,19.0
2020-05-16,322,19.0
2020-05-17,320,18.0
2020-05-18,297,18.0
2020-05-19,286,15.0
2020-05-20,250,13.0
2020-05-21,255,14.0
2020-05-22,272,14.0
2020-05-23,305,16.0
2020-05-24,312,17.0
2020-05-25,309,17.0
2020-05-26,286,14.0
2020-05-27,276,15.0
2020-05-28,252,15.0
2020-05-29,236,15.0
2020-05-30,235,13.0
2020-05-31,278,15.0
2020-06-01,228,11.0
2020-06-02,80,18.0
2020-06-03,153,27.0
2020-06-04,223,19.0
2020-06-05,194,24.0
2020-06-06,193,24.0
2020-06-07,192,24.0
2020-06-08,199,23.0
2020-06-09,202,19.0
2020-06-10,228,15.0
2020-06-11,250,16.0
2020-06-12,223,16.0
2020-06-13,192,19.0
2020-06-14,196,16.0
2020-06-15,188,22.0
2020-06-16,173,21.0
2020-06-17,166,18.0
2020-06-18,191,28.0
2020-06-19,211,23.0
2020-06-20,208,22.0
2020-06-21,209,20.0
2020-06-22,214,18.0
2020-06-23,198,21.0
2020-06-24,187,24.0
2020-06-25,200,19.0
2020-06-26,237,15.0
2020-06-27,255,15.0
2020-06-28,242,14.0
2020-06-29,219,15.0
2020-06-30,229,11.0
2020-07-01,208,21.0
2020-07-02,215,18.0
2020-07-03,240,19.0
2020-07-04,263,26.0
2020-07-05,242,33.0
2020-07-06,235,35.0
2020-07-07,223,35.0
2020-07-08,207,29.0
2020-07-09,222,24.0
2020-07-10,235,26.0
2020-07-11,213,23.0
2020-07-12,224,22.0
2020-07-13,224,19.0
2020-07-14,247,18.0
2020-07-15,233,18.0
2020-07-16,226,28.0
2020-07-17,200,31.0
2020-07-18,205,22.0
2020-07-19,241,19.0
2020-07-20,237,15.0
2020-07-21,220,16.0
2020-07-22,222,15.0
2020-07-23,247,10.0
2020-07-24,175,16.0
2020-07-25,172,15.0
2020-07-26,180,17.0
2020-07-27,241,17.0
2020-07-28,279,14.0
2020-07-29,288,12.0
2020-07-30,221,13.0
2020-07-31,226,13.0
2020-08-01,227,13.0
2020-08-02,217,16.0
2020-08-03,242,26.0
2020-08-04,251,33.0
2020-08-05,258,26.0
2020-08-06,251,28.0
2020-08-07,229,35.0
2020-08-08,233,30.0
2020-08-09,243,26.0
2020-08-10,256,23.0
2020-08-11,247,27.0
2020-08-12,246,30.0
2020-08-13,249,33.0
2020-08-14,234,35.0
2020-08-15,243,33.0
2020-08-16,254,33.0
2020-08-17,255,28.0
2020-08-18,243,27.0
2020-08-19,245,28.0
2020-08-20,245,24.0
2020-08-21,226,21.0
2020-08-22,241,28.0
2020-08-23,242,32.0
2020-08-24,239,31.0
2020-08-25,241,28.0
2020-08-26,236,23.0
2020-08-27,230,21.0
2020-08-28,229,19.0
2020-08-29,221,15.0
2020-08-30,231,26.0
2020-08-31,231,23.0
2020-09-01,245,14.0
2020-09-02,256,8.0
2020-09-03,286,12.0
2020-09-04,290,12.0
2020-09-05,284,12.0
2020-09-06,277,9.0
2020-09-07,171,14.0
2020-09-08,308,11.0
2020-09-09,279,15.0
2020-09-10,209,9.0
2020-09-11,208,6.0
2020-09-12,305,19.0
2020-09-13,233,25.0
2020-09-14,256,15.0
2020-09-15,195,7.0
2020-09-16,174,9.0
2020-09-17,290,8.0
2020-09-18,238,8.0
2020-09-19,204,6.0
2020-09-20,252,9.0
2020-09-21,281,12.0
2020-09-22,228,14.0
2020-09-23,261,11.0
2020-09-24,217,17.0
2020-09-25,264,16.0
2020-09-26,261,16.0
2020-09-27,267,13.0
2020-09-28,272,9.0
2020-09-29,245,9.0
2020-09-30,270,8.0
2020-10-01,243,8.0
2020-10-02,280,10.0
2020-10-03,218,9.0
2020-10-04,253,7.0
2020-10-05,219,7.0
2020-10-06,205,8.0
2020-10-07,247,8.0
2020-10-08,141,8.0
2020-10-09,105,7.0
2020-10-10,166,9.0
2020-10-11,186,11.0
2020-10-12,206,8.0
2020-10-13,223,8.0
2020-10-14,261,9.0
2020-10-15,257,15.0
2020-10-16,142,21.0
2020-10-17,171,26.0
2020-10-18,182,18.0
2020-10-19,206,11.0
2020-10-20,239,8.0
2020-10-21,209,7.0
2020-10-22,197,7.0
2020-10-23,168,7.0
2020-10-24,180,8.0
2020-10-25,212,9.0
2020-10-26,194,7.0
2020-10-27,173,10.0
2020-10-28,159,9.0
2020-10-29,157,8.0
2020-10-30,154,10.0
2020-10-31,147,9.0
2020-11-01,156,9.0
2020-11-02,203,10.0
2020-11-03,161,11.0
2020-11-04,160,11.0
2020-11-05,161,10.0
2020-11-06,96,11.0
2020-11-07,174,12.0
2020-11-08,138,11.0
2020-11-09,165,10.0
2020-11-10,139,11.0
2020-11-11,136,11.0
2020-11-12,172,13.0
2020-11-13,164,12.0
2020-11-14,170,11.0
2020-11-15,147,11.0
2020-11-16,150,12.0
2020-11-17,150,10.0
2020-11-18,148,10.0
2020-11-19,148,12.0
2020-11-20,173,11.0
2020-11-21,193,12.0
2020-11-22,182,10.0
2020-11-23,213,10.0
2020-11-24,167,9.0
2020-11-25,145,9.0
2020-11-26,113,12.0
2020-11-27,89,15.0
2020-11-28,95,13.0
2020-11-29,179,12.0
2020-11-30,166,10.0
2020-12-01,144,11.0
2020-12-02,198,10.0
2020-12-03,193,9.0
2020-12-04,159,9.0
2020-12-05,160,9.0
2020-12-06,138,12.0
2020-12-07,172,11.0
2020-12-08,178,12.0
2020-12-09,160,11.0
2020-12-10,133,9.0
2020-12-11,185,11.0
2020-12-12,27,14.0
2020-12-13,118,11.0
2020-12-14,166,8.0
2020-12-15,132,16.0
2020-12-16,136,15.0
2020-12-17,144,13.0
2020-12-18,149,13.0
2020-12-19,158,13.0
2020-12-20,166,13.0
2020-12-21,161,12.0
2020-12-22,151,10.0
2020-12-23,146,10.0
2020-12-24,146,11.0
2020-12-25,146,9.0
2020-12-26,150,9.0
2020-12-27,175,12.0
2020-12-28,177,19.0
2020-12-29,133,14.0
2020-12-30,139,14.0
2020-12-31,139,12.0
2021-01-01,163,9.0
2021-01-02,253,12.0
2021-01-03,207,13.0
2021-01-04,184,12.0
2021-01-05,200,14.0
2021-01-06,131,19.0
2021-01-07,216,14.0
2021-01-08,175,10.0
2021-01-09,121,9.0
2021-01-10,258,9.0
2021-01-11,174,11.0
2021-01-12,161,14.0
2021-01-13,194,14.0
2021-01-14,206,12.0
2021-01-15,293,12.0
2021-01-16,250,11.0
2021-01-17,279,9.0
2021-01-18,281,11.0
2021-01-19,210,12.0
2021-01-20,228,14.0
2021-01-21,244,14.0
2021-01-22,186,12.0
2021-01-23,292,13.0
2021-01-24,297,12.0
2021-01-25,213,13.0
2021-01-26,186,15.0
2021-01-27,183,15.0
2021-01-28,259,16.0
2021-01-29,129,13.0
2021-01-30,142,12.0
2021-01-31,147,13.0
2021-02-01,162,12.0
2021-02-02,158,11.0
2021-02-03,149,10.0
2021-02-04,155,14.0
2021-02-05,257,16.0
2021-02-06,146,15.0
2021-02-07,157,14.0
2021-02-08,153,13.0
2021-02-09,144,11.0
2021-02-10,133,11.0
2021-02-11,152,11.0
2021-02-12,182,10.0
2021-02-13,213,11.0
2021-02-14,195,12.0
2021-02-15,250,14.0
2021-02-16,285,14.0
2021-02-17,255,13.0
2021-02-18,219,10.0
2021-02-19,178,11.0
2021-02-20,175,13.0
2021-02-21,203,12.0
2021-02-22,183,11.0
2021-02-23,191,10.0
2021-02-24,270,15.0
2021-02-25,251,15.0
2021-02-26,242,14.0
2021-02-27,208,14.0
2021-02-28,218,17.0
2021-03-01,206,17.0
2021-03-02,217,17.0
2021-03-03,261,15.0
2021-03-04,187,15.0
2021-03-05,181,9.0
2021-03-06,242,11.0
2021-03-07,248,13.0
2021-03-08,208,14.0
2021-03-09,250,15.0
2021-03-10,247,15.0
2021-03-11,242,15.0
2021-03-12,292,13.0
2021-03-13,251,17.0
2021-03-14,258,15.0
2021-03-15,221,10.0
2021-03-16,255,13.0
2021-03-17,247,11.0
2021-03-18,237,12.0
2021-03-19,289,14.0
2021-03-20,241,15.0
2021-03-21,275,12.0
2021-03-22,242,14.0
2021-03-23,182,18.0
2021-03-24,259,19.0
2021-03-25,249,17.0
2021-03-26,134,17.0
2021-03-27,225,14.0
2021-03-28,164,13.0
2021-03-29,234,13.0
2021-03-30,294,12.0
2021-03-31,282,9.0
2021-04-01,244,12.0
2021-04-02,254,8.0
2021-04-03,284,12.0
2021-04-04,286,10.0
2021-04-05,272,4.0
2021-04-06,262,5.0
2021-04-07,285,6.0
2021-04-08,277,10.0
2021-04-09,249,8.0
2021-04-10,271,8.0
2021-04-11,278,14.0
2021-04-12,260,10.0
2021-04-13,253,11.0
2021-04-14,249,12.0
2021-04-15,280,10.0
2021-04-16,264,8.0
2021-04-17,261,8.0
2021-04-18,271,9.0
2021-04-19,266,11.0
2021-04-20,265,12.0
2021-04-21,261,10.0
2021-04-22,259,11.0
2021-04-23,267,12.0
2021-04-24,258,10.0
2021-04-25,273,9.0
2021-04-26,284,11.0
2021-04-27,264,11.0
2021-04-28,243,14.0
2021-04-29,216,12.0
2021-04-30,208,8.0
2021-05-01,259,11.0
2021-05-02,278,8.0
2021-05-03,286,8.0
2021-05-04,276,10.0
2021-05-05,276,10.0
2021-05-06,253,12.0
2021-05-07,285,11.0
2021-05-08,255,11.0
2021-05-09,250,10.0
2021-05-10,268,8.0
2021-05-11,290,11.0
2021-05-12,291,11.0
2021-05-13,284,11.0
2021-05-14,275,14.0
2021-05-15,270,15.0
2021-05-16,285,12.0
2021-05-17,282,15.0
2021-05-18,251,12.0
2021-05-19,266,8.0
2021-05-20,257,13.0
2021-05-21,274,15.0
2021-05-22,258,14.0
2021-05-23,283,14.0
2021-05-24,266,14.0
2021-05-25,268,15.0
2021-05-26,263,14.0
2021-05-27,253,14.0
2021-05-28,253,14.0
2021-05-29,254,17.0
2021-05-30,276,14.0
2021-05-31,203,11.0
2021-06-01,236,18.0
2021-06-02,234,15.0
2021-06-03,226,15.0
2021-06-04,244,17.0
2021-06-05,215,12.0
2021-06-06,212,11.0
2021-06-07,214,14.0
2021-06-08,203,19.0
2021-06-09,220,30.0
2021-06-10,207,29.0
2021-06-11,239,34.0
2021-06-12,239,34.0
2021-06-13,234,28.0
2021-06-14,239,29.0
2021-06-15,218,33.0
2021-06-16,225,40.0
2021-06-17,206,29.0
2021-06-18,202,29.0
2021-06-19,208,29.0
2021-06-20,206,30.0
2021-06-21,219,31.0
2021-06-22,235,29.0
2021-06-23,222,30.0
2021-06-24,228,30.0
2021-06-25,214,30.0
2021-06-26,208,30.0
2021-06-27,246,34.0
2021-06-28,245,32.0
2021-06-29,244,36.0
2021-06-30,210,26.0
